{
  "results": [
    {
      "command": "base (0ceefb0062d5829efc19b0c8caa8f08d52e24aa1)",
      "mean": 400.084721233,
      "stddev": null,
      "median": 400.084721233,
      "user": 697.894157,
      "system": 149.096532,
      "min": 400.084721233,
      "max": 400.084721233,
      "times": [
        400.084721233
      ],
      "exit_codes": [
        0
      ],
      "parameters": {
        "commit": "0ceefb0062d5829efc19b0c8caa8f08d52e24aa1"
      },
      "network": "mainnet"
    },
    {
      "command": "head (7529da715556c621dd1c8d5d20341972a9577b04)",
      "mean": 401.646907523,
      "stddev": null,
      "median": 401.646907523,
      "user": 685.856734,
      "system": 146.694899,
      "min": 401.646907523,
      "max": 401.646907523,
      "times": [
        401.646907523
      ],
      "exit_codes": [
        0
      ],
      "parameters": {
        "commit": "7529da715556c621dd1c8d5d20341972a9577b04"
      },
      "network": "mainnet"
    },
    {
      "command": "base (0ceefb0062d5829efc19b0c8caa8f08d52e24aa1)",
      "mean": 17.50426424998,
      "stddev": null,
      "median": 17.50426424998,
      "user": 2.6760789999999997,
      "system": 0.82377744,
      "min": 17.50426424998,
      "max": 17.50426424998,
      "times": [
        17.50426424998
      ],
      "exit_codes": [
        0
      ],
      "parameters": {
        "commit": "0ceefb0062d5829efc19b0c8caa8f08d52e24aa1"
      },
      "network": "signet"
    },
    {
      "command": "head (7529da715556c621dd1c8d5d20341972a9577b04)",
      "mean": 17.46050038498,
      "stddev": null,
      "median": 17.46050038498,
      "user": 2.649657,
      "system": 0.8560244399999999,
      "min": 17.46050038498,
      "max": 17.46050038498,
      "times": [
        17.46050038498
      ],
      "exit_codes": [
        0
      ],
      "parameters": {
        "commit": "7529da715556c621dd1c8d5d20341972a9577b04"
      },
      "network": "signet"
    }
  ]
}