{
  "results": [
    {
      "command": "perf script flamegraph build/src/bitcoind -datadir=$TMP_DATADIR -connect=148.251.128.115:55555 -daemon=0 -signet -stopatheight=170000",
      "mean": 17.41125180964,
      "stddev": null,
      "median": 17.41125180964,
      "user": 2.47811244,
      "system": 0.7104002999999999,
      "min": 17.41125180964,
      "max": 17.41125180964,
      "times": [
        17.41125180964
      ],
      "exit_codes": [
        0
      ],
      "parameters": {
        "commit": "70e9b55794a9c4241f64eeb39bd34ee37c872b85"
      }
    },
    {
      "command": "perf script flamegraph build/src/bitcoind -datadir=$TMP_DATADIR -connect=148.251.128.115:55555 -daemon=0 -signet -stopatheight=170000",
      "mean": 17.40461994264,
      "stddev": null,
      "median": 17.40461994264,
      "user": 2.53352744,
      "system": 0.6598262999999999,
      "min": 17.40461994264,
      "max": 17.40461994264,
      "times": [
        17.40461994264
      ],
      "exit_codes": [
        0
      ],
      "parameters": {
        "commit": "dae850141c06ac12bda8f04a95be5ff502550e04"
      }
    }
  ]
}
