{
  "results": [
    {
      "command": "base (0dca1417990f9ab7e6b3197cd144dcea51886c77)",
      "mean": 17.4865019148,
      "stddev": null,
      "median": 17.4865019148,
      "user": 2.70859506,
      "system": 0.78225262,
      "min": 17.4865019148,
      "max": 17.4865019148,
      "times": [
        17.4865019148
      ],
      "exit_codes": [
        0
      ],
      "parameters": {
        "commit": "0dca1417990f9ab7e6b3197cd144dcea51886c77"
      },
      "network": "signet"
    },
    {
      "command": "head (9a4738029a0c4aca648e5f2f569715aa684bb145)",
      "mean": 17.3831835328,
      "stddev": null,
      "median": 17.3831835328,
      "user": 2.90818506,
      "system": 1.0760196199999998,
      "min": 17.3831835328,
      "max": 17.3831835328,
      "times": [
        17.3831835328
      ],
      "exit_codes": [
        0
      ],
      "parameters": {
        "commit": "9a4738029a0c4aca648e5f2f569715aa684bb145"
      },
      "network": "signet"
    },
    {
      "command": "base (0dca1417990f9ab7e6b3197cd144dcea51886c77)",
      "mean": 398.1308265163,
      "stddev": null,
      "median": 398.1308265163,
      "user": 684.18327356,
      "system": 140.58252653999998,
      "min": 398.1308265163,
      "max": 398.1308265163,
      "times": [
        398.1308265163
      ],
      "exit_codes": [
        0
      ],
      "parameters": {
        "commit": "0dca1417990f9ab7e6b3197cd144dcea51886c77"
      },
      "network": "mainnet"
    },
    {
      "command": "head (9a4738029a0c4aca648e5f2f569715aa684bb145)",
      "mean": 323.4079085863,
      "stddev": null,
      "median": 323.4079085863,
      "user": 698.56354356,
      "system": 129.07109753999998,
      "min": 323.4079085863,
      "max": 323.4079085863,
      "times": [
        323.4079085863
      ],
      "exit_codes": [
        0
      ],
      "parameters": {
        "commit": "9a4738029a0c4aca648e5f2f569715aa684bb145"
      },
      "network": "mainnet"
    }
  ]
}