{
  "results": [
    {
      "command": "base (54c4ad9c38183470e4d41438bab2ee8e623022c4)",
      "mean": 425.24506785502,
      "stddev": null,
      "median": 425.24506785502,
      "user": 668.51713722,
      "system": 132.21564622,
      "min": 425.24506785502,
      "max": 425.24506785502,
      "times": [
        425.24506785502
      ],
      "exit_codes": [
        0
      ],
      "parameters": {
        "commit": "54c4ad9c38183470e4d41438bab2ee8e623022c4"
      },
      "network": "mainnet"
    },
    {
      "command": "head (eff123de30c6eabf30b7ad11abc17e75a905a646)",
      "mean": 374.20375277002,
      "stddev": null,
      "median": 374.20375277002,
      "user": 747.77656422,
      "system": 230.73177322,
      "min": 374.20375277002,
      "max": 374.20375277002,
      "times": [
        374.20375277002
      ],
      "exit_codes": [
        0
      ],
      "parameters": {
        "commit": "eff123de30c6eabf30b7ad11abc17e75a905a646"
      },
      "network": "mainnet"
    }
  ]
}