{
  "results": [
    {
      "command": "base (e29d2412eea7c5db366b7a5e6a2ebccb76879b34)",
      "mean": 463.80219057832,
      "stddev": null,
      "median": 463.80219057832,
      "user": 659.15045384,
      "system": 125.84526636,
      "min": 463.80219057832,
      "max": 463.80219057832,
      "times": [
        463.80219057832
      ],
      "exit_codes": [
        0
      ],
      "parameters": {
        "commit": "e29d2412eea7c5db366b7a5e6a2ebccb76879b34"
      },
      "network": "mainnet"
    },
    {
      "command": "head (43802109d14d7c9efbd762df5db9f1ff92b4c3ac)",
      "mean": 467.32182145231997,
      "stddev": null,
      "median": 467.32182145231997,
      "user": 651.4319378399999,
      "system": 123.80884136,
      "min": 467.32182145231997,
      "max": 467.32182145231997,
      "times": [
        467.32182145231997
      ],
      "exit_codes": [
        0
      ],
      "parameters": {
        "commit": "43802109d14d7c9efbd762df5db9f1ff92b4c3ac"
      },
      "network": "mainnet"
    },
    {
      "command": "base (e29d2412eea7c5db366b7a5e6a2ebccb76879b34)",
      "mean": 17.293190431899998,
      "stddev": null,
      "median": 17.293190431899998,
      "user": 2.2520819199999997,
      "system": 0.7652201599999999,
      "min": 17.293190431899998,
      "max": 17.293190431899998,
      "times": [
        17.293190431899998
      ],
      "exit_codes": [
        0
      ],
      "parameters": {
        "commit": "e29d2412eea7c5db366b7a5e6a2ebccb76879b34"
      },
      "network": "signet"
    },
    {
      "command": "head (43802109d14d7c9efbd762df5db9f1ff92b4c3ac)",
      "mean": 17.4991921429,
      "stddev": null,
      "median": 17.4991921429,
      "user": 2.2591989199999998,
      "system": 0.81463716,
      "min": 17.4991921429,
      "max": 17.4991921429,
      "times": [
        17.4991921429
      ],
      "exit_codes": [
        0
      ],
      "parameters": {
        "commit": "43802109d14d7c9efbd762df5db9f1ff92b4c3ac"
      },
      "network": "signet"
    }
  ]
}