{
  "results": [
    {
      "command": "perf script flamegraph build/src/bitcoind -datadir=$TMP_DATADIR -connect=148.251.128.115:55555 -daemon=0 -signet -stopatheight=170000",
      "mean": 17.4079713354,
      "stddev": null,
      "median": 17.4079713354,
      "user": 2.41656498,
      "system": 0.67883068,
      "min": 17.4079713354,
      "max": 17.4079713354,
      "times": [
        17.4079713354
      ],
      "exit_codes": [
        0
      ],
      "parameters": {
        "commit": "6a09409facbd682a57fb7d80f850f5bf54ebc98e"
      }
    },
    {
      "command": "perf script flamegraph build/src/bitcoind -datadir=$TMP_DATADIR -connect=148.251.128.115:55555 -daemon=0 -signet -stopatheight=170000",
      "mean": 17.291464520399998,
      "stddev": null,
      "median": 17.291464520399998,
      "user": 2.53922298,
      "system": 0.64600368,
      "min": 17.291464520399998,
      "max": 17.291464520399998,
      "times": [
        17.291464520399998
      ],
      "exit_codes": [
        0
      ],
      "parameters": {
        "commit": "2d358930b7bc09940904c70c4f04675db707b106"
      }
    }
  ]
}
