{
  "results": [
    {
      "command": "base (e9a3b76c4740fd26ae6805698844f9febaca6681)",
      "mean": 25.199412918420002,
      "stddev": null,
      "median": 25.199412918420002,
      "user": 5.57834642,
      "system": 0.9664302999999999,
      "min": 25.199412918420002,
      "max": 25.199412918420002,
      "times": [
        25.199412918420002
      ],
      "exit_codes": [
        0
      ],
      "parameters": {
        "commit": "e9a3b76c4740fd26ae6805698844f9febaca6681"
      },
      "network": "signet"
    },
    {
      "command": "head (8ce243373dd9d0c1596f0e9deb693ba25d5bb5fb)",
      "mean": 25.17699813742,
      "stddev": null,
      "median": 25.17699813742,
      "user": 5.42651642,
      "system": 0.9415172999999999,
      "min": 25.17699813742,
      "max": 25.17699813742,
      "times": [
        25.17699813742
      ],
      "exit_codes": [
        0
      ],
      "parameters": {
        "commit": "8ce243373dd9d0c1596f0e9deb693ba25d5bb5fb"
      },
      "network": "signet"
    },
    {
      "command": "base (e9a3b76c4740fd26ae6805698844f9febaca6681)",
      "mean": 1077.00946184066,
      "stddev": null,
      "median": 1077.00946184066,
      "user": 5245.002123859999,
      "system": 738.1513073199999,
      "min": 1077.00946184066,
      "max": 1077.00946184066,
      "times": [
        1077.00946184066
      ],
      "exit_codes": [
        0
      ],
      "parameters": {
        "commit": "e9a3b76c4740fd26ae6805698844f9febaca6681"
      },
      "network": "mainnet"
    },
    {
      "command": "head (8ce243373dd9d0c1596f0e9deb693ba25d5bb5fb)",
      "mean": 1135.29847623966,
      "stddev": null,
      "median": 1135.29847623966,
      "user": 4955.23857986,
      "system": 709.4481273199999,
      "min": 1135.29847623966,
      "max": 1135.29847623966,
      "times": [
        1135.29847623966
      ],
      "exit_codes": [
        0
      ],
      "parameters": {
        "commit": "8ce243373dd9d0c1596f0e9deb693ba25d5bb5fb"
      },
      "network": "mainnet"
    }
  ]
}