{
  "results": [
    {
      "command": "perf script flamegraph build/src/bitcoind -datadir=$TMP_DATADIR -connect=148.251.128.115:55555 -daemon=0 -signet -stopatheight=170000",
      "mean": 17.3896499104,
      "stddev": null,
      "median": 17.3896499104,
      "user": 2.49136562,
      "system": 0.6813256400000001,
      "min": 17.3896499104,
      "max": 17.3896499104,
      "times": [
        17.3896499104
      ],
      "exit_codes": [
        0
      ],
      "parameters": {
        "commit": "96908201b2975331fa443848b4405246b50e244f"
      }
    },
    {
      "command": "perf script flamegraph build/src/bitcoind -datadir=$TMP_DATADIR -connect=148.251.128.115:55555 -daemon=0 -signet -stopatheight=170000",
      "mean": 17.372708743399997,
      "stddev": null,
      "median": 17.372708743399997,
      "user": 2.52113562,
      "system": 0.65959564,
      "min": 17.372708743399997,
      "max": 17.372708743399997,
      "times": [
        17.372708743399997
      ],
      "exit_codes": [
        0
      ],
      "parameters": {
        "commit": "98561d662fb0e18ceb0d66f24c8231f92fec2991"
      }
    }
  ]
}
