{
  "results": [
    {
      "command": "base (d3304e391fb8cc4abc8257517c8acb60ffabd548)",
      "mean": 17.3948929215,
      "stddev": null,
      "median": 17.3948929215,
      "user": 5.40015336,
      "system": 0.84963748,
      "min": 17.3948929215,
      "max": 17.3948929215,
      "times": [
        17.3948929215
      ],
      "exit_codes": [
        0
      ],
      "parameters": {
        "commit": "d3304e391fb8cc4abc8257517c8acb60ffabd548"
      },
      "network": "signet"
    },
    {
      "command": "head (2f68e82eb2a0c5f165a58efe17f5640c66ff99c0)",
      "mean": 17.4940565185,
      "stddev": null,
      "median": 17.4940565185,
      "user": 5.42625736,
      "system": 0.90156948,
      "min": 17.4940565185,
      "max": 17.4940565185,
      "times": [
        17.4940565185
      ],
      "exit_codes": [
        0
      ],
      "parameters": {
        "commit": "2f68e82eb2a0c5f165a58efe17f5640c66ff99c0"
      },
      "network": "signet"
    },
    {
      "command": "base (d3304e391fb8cc4abc8257517c8acb60ffabd548)",
      "mean": 1074.40931294282,
      "stddev": null,
      "median": 1074.40931294282,
      "user": 5249.92266056,
      "system": 752.77310204,
      "min": 1074.40931294282,
      "max": 1074.40931294282,
      "times": [
        1074.40931294282
      ],
      "exit_codes": [
        0
      ],
      "parameters": {
        "commit": "d3304e391fb8cc4abc8257517c8acb60ffabd548"
      },
      "network": "mainnet"
    },
    {
      "command": "head (2f68e82eb2a0c5f165a58efe17f5640c66ff99c0)",
      "mean": 1073.44440518482,
      "stddev": null,
      "median": 1073.44440518482,
      "user": 5246.27806256,
      "system": 762.21304604,
      "min": 1073.44440518482,
      "max": 1073.44440518482,
      "times": [
        1073.44440518482
      ],
      "exit_codes": [
        0
      ],
      "parameters": {
        "commit": "2f68e82eb2a0c5f165a58efe17f5640c66ff99c0"
      },
      "network": "mainnet"
    }
  ]
}