{
  "results": [
    {
      "command": "perf script flamegraph build/src/bitcoind -datadir=$TMP_DATADIR -connect=148.251.128.115:55555 -daemon=0 -signet -stopatheight=170000",
      "mean": 17.33978624352,
      "stddev": null,
      "median": 17.33978624352,
      "user": 2.5053855,
      "system": 0.6610148,
      "min": 17.33978624352,
      "max": 17.33978624352,
      "times": [
        17.33978624352
      ],
      "exit_codes": [
        0
      ],
      "parameters": {
        "commit": "e1d0201840cfd4ce0568c4f54f40c19cb1dc68f0"
      }
    },
    {
      "command": "perf script flamegraph build/src/bitcoind -datadir=$TMP_DATADIR -connect=148.251.128.115:55555 -daemon=0 -signet -stopatheight=170000",
      "mean": 17.34710136052,
      "stddev": null,
      "median": 17.34710136052,
      "user": 2.5074055,
      "system": 0.6702838,
      "min": 17.34710136052,
      "max": 17.34710136052,
      "times": [
        17.34710136052
      ],
      "exit_codes": [
        0
      ],
      "parameters": {
        "commit": "a63b807e30ba1a13239f38c381afe9361125cf4d"
      }
    }
  ]
}
