{
  "results": [
    {
      "command": "base (05e31826e2462a2a998ae964ff64411fb0b332f0)",
      "mean": 387.5506992434,
      "stddev": null,
      "median": 387.5506992434,
      "user": 449.81742214,
      "system": 49.62232702,
      "min": 387.5506992434,
      "max": 387.5506992434,
      "times": [
        387.5506992434
      ],
      "exit_codes": [
        0
      ],
      "parameters": {
        "commit": "05e31826e2462a2a998ae964ff64411fb0b332f0"
      },
      "network": "mainnet"
    },
    {
      "command": "head (7b50013604b073b549ce319ca1c19a6431f4fc0b)",
      "mean": 386.5876651994,
      "stddev": null,
      "median": 386.5876651994,
      "user": 435.20693614,
      "system": 44.24291602,
      "min": 386.5876651994,
      "max": 386.5876651994,
      "times": [
        386.5876651994
      ],
      "exit_codes": [
        0
      ],
      "parameters": {
        "commit": "7b50013604b073b549ce319ca1c19a6431f4fc0b"
      },
      "network": "mainnet"
    },
    {
      "command": "base (05e31826e2462a2a998ae964ff64411fb0b332f0)",
      "mean": 25.13255720482,
      "stddev": null,
      "median": 25.13255720482,
      "user": 2.5023037799999996,
      "system": 0.81120984,
      "min": 25.13255720482,
      "max": 25.13255720482,
      "times": [
        25.13255720482
      ],
      "exit_codes": [
        0
      ],
      "parameters": {
        "commit": "05e31826e2462a2a998ae964ff64411fb0b332f0"
      },
      "network": "signet"
    },
    {
      "command": "head (7b50013604b073b549ce319ca1c19a6431f4fc0b)",
      "mean": 25.13458888482,
      "stddev": null,
      "median": 25.13458888482,
      "user": 2.5725817799999997,
      "system": 0.77792884,
      "min": 25.13458888482,
      "max": 25.13458888482,
      "times": [
        25.13458888482
      ],
      "exit_codes": [
        0
      ],
      "parameters": {
        "commit": "7b50013604b073b549ce319ca1c19a6431f4fc0b"
      },
      "network": "signet"
    }
  ]
}