{
  "results": [
    {
      "command": "base (e29d2412eea7c5db366b7a5e6a2ebccb76879b34)",
      "mean": 463.31309624946,
      "stddev": null,
      "median": 463.31309624946,
      "user": 655.01928312,
      "system": 121.32091418,
      "min": 463.31309624946,
      "max": 463.31309624946,
      "times": [
        463.31309624946
      ],
      "exit_codes": [
        0
      ],
      "parameters": {
        "commit": "e29d2412eea7c5db366b7a5e6a2ebccb76879b34"
      },
      "network": "mainnet"
    },
    {
      "command": "head (aa6af9c1309fa25dfac7f4c8b5f93dca8314b17d)",
      "mean": 470.80074969445997,
      "stddev": null,
      "median": 470.80074969445997,
      "user": 675.32458712,
      "system": 138.72445817999997,
      "min": 470.80074969445997,
      "max": 470.80074969445997,
      "times": [
        470.80074969445997
      ],
      "exit_codes": [
        0
      ],
      "parameters": {
        "commit": "aa6af9c1309fa25dfac7f4c8b5f93dca8314b17d"
      },
      "network": "mainnet"
    },
    {
      "command": "base (e29d2412eea7c5db366b7a5e6a2ebccb76879b34)",
      "mean": 17.23001577668,
      "stddev": null,
      "median": 17.23001577668,
      "user": 2.2539542,
      "system": 0.7413470799999999,
      "min": 17.23001577668,
      "max": 17.23001577668,
      "times": [
        17.23001577668
      ],
      "exit_codes": [
        0
      ],
      "parameters": {
        "commit": "e29d2412eea7c5db366b7a5e6a2ebccb76879b34"
      },
      "network": "signet"
    },
    {
      "command": "head (aa6af9c1309fa25dfac7f4c8b5f93dca8314b17d)",
      "mean": 17.50088551768,
      "stddev": null,
      "median": 17.50088551768,
      "user": 2.5287692,
      "system": 0.95072908,
      "min": 17.50088551768,
      "max": 17.50088551768,
      "times": [
        17.50088551768
      ],
      "exit_codes": [
        0
      ],
      "parameters": {
        "commit": "aa6af9c1309fa25dfac7f4c8b5f93dca8314b17d"
      },
      "network": "signet"
    }
  ]
}