{
  "results": [
    {
      "command": "base (d158c68b105e1f684733a17c8263ffdc0bfc3cff)",
      "mean": 4.64080567192,
      "stddev": null,
      "median": 4.64080567192,
      "user": 4.06589814,
      "system": 0.6666175400000001,
      "min": 4.64080567192,
      "max": 4.64080567192,
      "times": [
        4.64080567192
      ],
      "exit_codes": [
        0
      ],
      "parameters": {
        "commit": "d158c68b105e1f684733a17c8263ffdc0bfc3cff"
      },
      "network": "mainnet"
    },
    {
      "command": "head (ae5cf0004fc2744b093719a303192b8b86112b54)",
      "mean": 4.55162652092,
      "stddev": null,
      "median": 4.55162652092,
      "user": 3.8702881399999995,
      "system": 0.5784735400000001,
      "min": 4.55162652092,
      "max": 4.55162652092,
      "times": [
        4.55162652092
      ],
      "exit_codes": [
        0
      ],
      "parameters": {
        "commit": "ae5cf0004fc2744b093719a303192b8b86112b54"
      },
      "network": "mainnet"
    },
    {
      "command": "base (d158c68b105e1f684733a17c8263ffdc0bfc3cff)",
      "mean": 1.20453844706,
      "stddev": null,
      "median": 1.20453844706,
      "user": 0.74201242,
      "system": 0.14416488,
      "min": 1.20453844706,
      "max": 1.20453844706,
      "times": [
        1.20453844706
      ],
      "exit_codes": [
        0
      ],
      "parameters": {
        "commit": "d158c68b105e1f684733a17c8263ffdc0bfc3cff"
      },
      "network": "signet"
    },
    {
      "command": "head (ae5cf0004fc2744b093719a303192b8b86112b54)",
      "mean": 1.24650899406,
      "stddev": null,
      "median": 1.24650899406,
      "user": 0.74262442,
      "system": 0.15004288,
      "min": 1.24650899406,
      "max": 1.24650899406,
      "times": [
        1.24650899406
      ],
      "exit_codes": [
        0
      ],
      "parameters": {
        "commit": "ae5cf0004fc2744b093719a303192b8b86112b54"
      },
      "network": "signet"
    }
  ]
}