{
  "results": [
    {
      "command": "base (d158c68b105e1f684733a17c8263ffdc0bfc3cff)",
      "mean": 451.46072773000003,
      "stddev": null,
      "median": 451.46072773000003,
      "user": 658.54770048,
      "system": 127.74226778,
      "min": 451.46072773000003,
      "max": 451.46072773000003,
      "times": [
        451.46072773000003
      ],
      "exit_codes": [
        0
      ],
      "parameters": {
        "commit": "d158c68b105e1f684733a17c8263ffdc0bfc3cff"
      },
      "network": "mainnet"
    },
    {
      "command": "head (2e92f2bd019d7f27fb6aed2643c4305b27482bf9)",
      "mean": 477.028442957,
      "stddev": null,
      "median": 477.028442957,
      "user": 637.03078748,
      "system": 121.62332978,
      "min": 477.028442957,
      "max": 477.028442957,
      "times": [
        477.028442957
      ],
      "exit_codes": [
        0
      ],
      "parameters": {
        "commit": "2e92f2bd019d7f27fb6aed2643c4305b27482bf9"
      },
      "network": "mainnet"
    },
    {
      "command": "base (d158c68b105e1f684733a17c8263ffdc0bfc3cff)",
      "mean": 25.17472159704,
      "stddev": null,
      "median": 25.17472159704,
      "user": 2.36530156,
      "system": 0.82652638,
      "min": 25.17472159704,
      "max": 25.17472159704,
      "times": [
        25.17472159704
      ],
      "exit_codes": [
        0
      ],
      "parameters": {
        "commit": "d158c68b105e1f684733a17c8263ffdc0bfc3cff"
      },
      "network": "signet"
    },
    {
      "command": "head (2e92f2bd019d7f27fb6aed2643c4305b27482bf9)",
      "mean": 25.06877057704,
      "stddev": null,
      "median": 25.06877057704,
      "user": 2.2378295599999998,
      "system": 0.75639938,
      "min": 25.06877057704,
      "max": 25.06877057704,
      "times": [
        25.06877057704
      ],
      "exit_codes": [
        0
      ],
      "parameters": {
        "commit": "2e92f2bd019d7f27fb6aed2643c4305b27482bf9"
      },
      "network": "signet"
    }
  ]
}