{
  "results": [
    {
      "command": "base (d158c68b105e1f684733a17c8263ffdc0bfc3cff)",
      "mean": 467.86791294998,
      "stddev": null,
      "median": 467.86791294998,
      "user": 652.02089582,
      "system": 121.48779735999999,
      "min": 467.86791294998,
      "max": 467.86791294998,
      "times": [
        467.86791294998
      ],
      "exit_codes": [
        0
      ],
      "parameters": {
        "commit": "d158c68b105e1f684733a17c8263ffdc0bfc3cff"
      },
      "network": "mainnet"
    },
    {
      "command": "head (3360cd77902b0212c0a25dfe3c8a4574b4c6ebb7)",
      "mean": 464.13416063498,
      "stddev": null,
      "median": 464.13416063498,
      "user": 645.44545882,
      "system": 124.89641635999999,
      "min": 464.13416063498,
      "max": 464.13416063498,
      "times": [
        464.13416063498
      ],
      "exit_codes": [
        0
      ],
      "parameters": {
        "commit": "3360cd77902b0212c0a25dfe3c8a4574b4c6ebb7"
      },
      "network": "mainnet"
    },
    {
      "command": "base (d158c68b105e1f684733a17c8263ffdc0bfc3cff)",
      "mean": 25.249569239320003,
      "stddev": null,
      "median": 25.249569239320003,
      "user": 2.28749666,
      "system": 0.7778639799999999,
      "min": 25.249569239320003,
      "max": 25.249569239320003,
      "times": [
        25.249569239320003
      ],
      "exit_codes": [
        0
      ],
      "parameters": {
        "commit": "d158c68b105e1f684733a17c8263ffdc0bfc3cff"
      },
      "network": "signet"
    },
    {
      "command": "head (3360cd77902b0212c0a25dfe3c8a4574b4c6ebb7)",
      "mean": 25.10004047132,
      "stddev": null,
      "median": 25.10004047132,
      "user": 2.22212366,
      "system": 0.7906089799999999,
      "min": 25.10004047132,
      "max": 25.10004047132,
      "times": [
        25.10004047132
      ],
      "exit_codes": [
        0
      ],
      "parameters": {
        "commit": "3360cd77902b0212c0a25dfe3c8a4574b4c6ebb7"
      },
      "network": "signet"
    }
  ]
}