{
  "results": [
    {
      "command": "perf script flamegraph build/src/bitcoind -datadir=$TMP_DATADIR -connect=148.251.128.115:55555 -daemon=0 -signet -stopatheight=170000",
      "mean": 17.3498555219,
      "stddev": null,
      "median": 17.3498555219,
      "user": 2.53252094,
      "system": 0.6566724399999999,
      "min": 17.3498555219,
      "max": 17.3498555219,
      "times": [
        17.3498555219
      ],
      "exit_codes": [
        0
      ],
      "parameters": {
        "commit": "f6620f387c01696772462e71d3ca69f4e54c56e7"
      }
    },
    {
      "command": "perf script flamegraph build/src/bitcoind -datadir=$TMP_DATADIR -connect=148.251.128.115:55555 -daemon=0 -signet -stopatheight=170000",
      "mean": 17.3969811009,
      "stddev": null,
      "median": 17.3969811009,
      "user": 2.51199994,
      "system": 0.69475544,
      "min": 17.3969811009,
      "max": 17.3969811009,
      "times": [
        17.3969811009
      ],
      "exit_codes": [
        0
      ],
      "parameters": {
        "commit": "c6d05ee2b7935f2a0507224f2e866ea9e70a66d2"
      }
    }
  ]
}
