{
  "results": [
    {
      "command": "base (92df3f79bc9236d98563f5b214e6ded977176492)",
      "mean": 429.49760396334,
      "stddev": null,
      "median": 429.49760396334,
      "user": 690.45663134,
      "system": 140.80975354,
      "min": 429.49760396334,
      "max": 429.49760396334,
      "times": [
        429.49760396334
      ],
      "exit_codes": [
        0
      ],
      "parameters": {
        "commit": "92df3f79bc9236d98563f5b214e6ded977176492"
      },
      "network": "mainnet"
    },
    {
      "command": "head (18929aecd2059803327f53db34486ded64ea0239)",
      "mean": 436.71140752934,
      "stddev": null,
      "median": 436.71140752934,
      "user": 690.5789053399999,
      "system": 127.40970554,
      "min": 436.71140752934,
      "max": 436.71140752934,
      "times": [
        436.71140752934
      ],
      "exit_codes": [
        0
      ],
      "parameters": {
        "commit": "18929aecd2059803327f53db34486ded64ea0239"
      },
      "network": "mainnet"
    },
    {
      "command": "base (92df3f79bc9236d98563f5b214e6ded977176492)",
      "mean": 25.0607834957,
      "stddev": null,
      "median": 25.0607834957,
      "user": 2.2321604799999997,
      "system": 0.78510532,
      "min": 25.0607834957,
      "max": 25.0607834957,
      "times": [
        25.0607834957
      ],
      "exit_codes": [
        0
      ],
      "parameters": {
        "commit": "92df3f79bc9236d98563f5b214e6ded977176492"
      },
      "network": "signet"
    },
    {
      "command": "head (18929aecd2059803327f53db34486ded64ea0239)",
      "mean": 24.9088602867,
      "stddev": null,
      "median": 24.9088602867,
      "user": 2.19508648,
      "system": 0.7720803199999999,
      "min": 24.9088602867,
      "max": 24.9088602867,
      "times": [
        24.9088602867
      ],
      "exit_codes": [
        0
      ],
      "parameters": {
        "commit": "18929aecd2059803327f53db34486ded64ea0239"
      },
      "network": "signet"
    }
  ]
}