{
  "results": [
    {
      "command": "base (d3304e391fb8cc4abc8257517c8acb60ffabd548)",
      "mean": 25.57555320128,
      "stddev": null,
      "median": 25.57555320128,
      "user": 4.16889822,
      "system": 0.8080459,
      "min": 25.57555320128,
      "max": 25.57555320128,
      "times": [
        25.57555320128
      ],
      "exit_codes": [
        0
      ],
      "parameters": {
        "commit": "d3304e391fb8cc4abc8257517c8acb60ffabd548"
      },
      "network": "signet"
    },
    {
      "command": "head (d22cad1bef58e1678e9196309b6d71d8803424f2)",
      "mean": 25.47813458828,
      "stddev": null,
      "median": 25.47813458828,
      "user": 4.16156922,
      "system": 0.7693259,
      "min": 25.47813458828,
      "max": 25.47813458828,
      "times": [
        25.47813458828
      ],
      "exit_codes": [
        0
      ],
      "parameters": {
        "commit": "d22cad1bef58e1678e9196309b6d71d8803424f2"
      },
      "network": "signet"
    },
    {
      "command": "base (d3304e391fb8cc4abc8257517c8acb60ffabd548)",
      "mean": 3194.3980070776997,
      "stddev": null,
      "median": 3194.3980070776997,
      "user": 3300.08499804,
      "system": 480.67207102,
      "min": 3194.3980070776997,
      "max": 3194.3980070776997,
      "times": [
        3194.3980070776997
      ],
      "exit_codes": [
        0
      ],
      "parameters": {
        "commit": "d3304e391fb8cc4abc8257517c8acb60ffabd548"
      },
      "network": "mainnet"
    },
    {
      "command": "head (d22cad1bef58e1678e9196309b6d71d8803424f2)",
      "mean": 3193.6019859917,
      "stddev": null,
      "median": 3193.6019859917,
      "user": 3317.5981980399997,
      "system": 479.17206402,
      "min": 3193.6019859917,
      "max": 3193.6019859917,
      "times": [
        3193.6019859917
      ],
      "exit_codes": [
        0
      ],
      "parameters": {
        "commit": "d22cad1bef58e1678e9196309b6d71d8803424f2"
      },
      "network": "mainnet"
    }
  ]
}