{
  "results": [
    {
      "command": "base (0ceefb0062d5829efc19b0c8caa8f08d52e24aa1)",
      "mean": 428.27683172807997,
      "stddev": null,
      "median": 428.27683172807997,
      "user": 644.44689546,
      "system": 126.76206892,
      "min": 428.27683172807997,
      "max": 428.27683172807997,
      "times": [
        428.27683172807997
      ],
      "exit_codes": [
        0
      ],
      "parameters": {
        "commit": "0ceefb0062d5829efc19b0c8caa8f08d52e24aa1"
      },
      "network": "mainnet"
    },
    {
      "command": "head (735e5b025d4be401380359ee0823bd62573eb98f)",
      "mean": 440.86385752608,
      "stddev": null,
      "median": 440.86385752608,
      "user": 629.8411404599999,
      "system": 118.29947992,
      "min": 440.86385752608,
      "max": 440.86385752608,
      "times": [
        440.86385752608
      ],
      "exit_codes": [
        0
      ],
      "parameters": {
        "commit": "735e5b025d4be401380359ee0823bd62573eb98f"
      },
      "network": "mainnet"
    },
    {
      "command": "base (0ceefb0062d5829efc19b0c8caa8f08d52e24aa1)",
      "mean": 17.42410613402,
      "stddev": null,
      "median": 17.42410613402,
      "user": 2.64766436,
      "system": 0.8362618399999999,
      "min": 17.42410613402,
      "max": 17.42410613402,
      "times": [
        17.42410613402
      ],
      "exit_codes": [
        0
      ],
      "parameters": {
        "commit": "0ceefb0062d5829efc19b0c8caa8f08d52e24aa1"
      },
      "network": "signet"
    },
    {
      "command": "head (735e5b025d4be401380359ee0823bd62573eb98f)",
      "mean": 17.48882311002,
      "stddev": null,
      "median": 17.48882311002,
      "user": 2.62160636,
      "system": 0.80531884,
      "min": 17.48882311002,
      "max": 17.48882311002,
      "times": [
        17.48882311002
      ],
      "exit_codes": [
        0
      ],
      "parameters": {
        "commit": "735e5b025d4be401380359ee0823bd62573eb98f"
      },
      "network": "signet"
    }
  ]
}