{
  "results": [
    {
      "command": "base (54c4ad9c38183470e4d41438bab2ee8e623022c4)",
      "mean": 441.5476131751,
      "stddev": null,
      "median": 441.5476131751,
      "user": 635.65564236,
      "system": 121.3304135,
      "min": 441.5476131751,
      "max": 441.5476131751,
      "times": [
        441.5476131751
      ],
      "exit_codes": [
        0
      ],
      "parameters": {
        "commit": "54c4ad9c38183470e4d41438bab2ee8e623022c4"
      },
      "network": "mainnet"
    },
    {
      "command": "head (76f123fac403f10d8b1a74a9dc511d5be781e9de)",
      "mean": 334.8414166751,
      "stddev": null,
      "median": 334.8414166751,
      "user": 679.83464936,
      "system": 120.5292565,
      "min": 334.8414166751,
      "max": 334.8414166751,
      "times": [
        334.8414166751
      ],
      "exit_codes": [
        0
      ],
      "parameters": {
        "commit": "76f123fac403f10d8b1a74a9dc511d5be781e9de"
      },
      "network": "mainnet"
    }
  ]
}