{
  "results": [
    {
      "command": "build/src/bitcoind -datadir=$TMP_DATADIR -connect=148.251.128.115:55555 -daemon=0 -signet -stopatheight=170000",
      "mean": 17.21165782524,
      "stddev": null,
      "median": 17.21165782524,
      "user": 2.15409396,
      "system": 0.57657622,
      "min": 17.21165782524,
      "max": 17.21165782524,
      "times": [
        17.21165782524
      ],
      "exit_codes": [
        0
      ],
      "parameters": {
        "commit": "6a09409facbd682a57fb7d80f850f5bf54ebc98e"
      }
    },
    {
      "command": "build/src/bitcoind -datadir=$TMP_DATADIR -connect=148.251.128.115:55555 -daemon=0 -signet -stopatheight=170000",
      "mean": 17.19037301724,
      "stddev": null,
      "median": 17.19037301724,
      "user": 2.00814296,
      "system": 0.55328522,
      "min": 17.19037301724,
      "max": 17.19037301724,
      "times": [
        17.19037301724
      ],
      "exit_codes": [
        0
      ],
      "parameters": {
        "commit": "9af2e1f8e6caa58d0d66129d493cb474d56820df"
      }
    }
  ]
}
