{
  "results": [
    {
      "command": "base (dc2cad0971408a9c38d1b28f7cd2cfc0c038712b)",
      "mean": 17.41076835516,
      "stddev": null,
      "median": 17.41076835516,
      "user": 2.52026812,
      "system": 0.72762012,
      "min": 17.41076835516,
      "max": 17.41076835516,
      "times": [
        17.41076835516
      ],
      "exit_codes": [
        0
      ],
      "parameters": {
        "commit": "dc2cad0971408a9c38d1b28f7cd2cfc0c038712b"
      },
      "network": "signet"
    },
    {
      "command": "head (617751c4fd09ad82060219a8bde464f993ee3b55)",
      "mean": 17.39304407316,
      "stddev": null,
      "median": 17.39304407316,
      "user": 2.4808061199999996,
      "system": 0.74440612,
      "min": 17.39304407316,
      "max": 17.39304407316,
      "times": [
        17.39304407316
      ],
      "exit_codes": [
        0
      ],
      "parameters": {
        "commit": "617751c4fd09ad82060219a8bde464f993ee3b55"
      },
      "network": "signet"
    },
    {
      "command": "base (dc2cad0971408a9c38d1b28f7cd2cfc0c038712b)",
      "mean": 865.82519715342,
      "stddev": null,
      "median": 865.82519715342,
      "user": 930.7092741399999,
      "system": 453.54469536,
      "min": 865.82519715342,
      "max": 865.82519715342,
      "times": [
        865.82519715342
      ],
      "exit_codes": [
        0
      ],
      "parameters": {
        "commit": "dc2cad0971408a9c38d1b28f7cd2cfc0c038712b"
      },
      "network": "mainnet"
    },
    {
      "command": "head (617751c4fd09ad82060219a8bde464f993ee3b55)",
      "mean": 865.96207828242,
      "stddev": null,
      "median": 865.96207828242,
      "user": 935.1329101399999,
      "system": 453.82378836,
      "min": 865.96207828242,
      "max": 865.96207828242,
      "times": [
        865.96207828242
      ],
      "exit_codes": [
        0
      ],
      "parameters": {
        "commit": "617751c4fd09ad82060219a8bde464f993ee3b55"
      },
      "network": "mainnet"
    }
  ]
}