{
  "results": [
    {
      "command": "build/src/bitcoind -datadir=$DATADIR -connect=148.251.128.115:55555 -daemon=0 -signet -stopatheight=170000",
      "mean": 17.17971988054,
      "stddev": null,
      "median": 17.17971988054,
      "user": 1.96372694,
      "system": 0.5871331999999999,
      "min": 17.17971988054,
      "max": 17.17971988054,
      "times": [
        17.17971988054
      ],
      "exit_codes": [
        0
      ],
      "parameters": {
        "commit": "b2f1a59c3af79bb5271919232a4daa9ceebd38fd"
      }
    },
    {
      "command": "build/src/bitcoind -datadir=$DATADIR -connect=148.251.128.115:55555 -daemon=0 -signet -stopatheight=170000",
      "mean": 0.70252275254,
      "stddev": null,
      "median": 0.70252275254,
      "user": 0.44078194,
      "system": 0.0333252,
      "min": 0.70252275254,
      "max": 0.70252275254,
      "times": [
        0.70252275254
      ],
      "exit_codes": [
        0
      ],
      "parameters": {
        "commit": "c6c6a16fa41870ae0e59151df14afa80af073254"
      }
    }
  ]
}
