{
  "results": [
    {
      "command": "base (d158c68b105e1f684733a17c8263ffdc0bfc3cff)",
      "mean": 452.71582302294,
      "stddev": null,
      "median": 452.71582302294,
      "user": 653.95689212,
      "system": 126.93792513999999,
      "min": 452.71582302294,
      "max": 452.71582302294,
      "times": [
        452.71582302294
      ],
      "exit_codes": [
        0
      ],
      "parameters": {
        "commit": "d158c68b105e1f684733a17c8263ffdc0bfc3cff"
      },
      "network": "mainnet"
    },
    {
      "command": "head (c1e6fa62a332a7692490f8bfc43d32a67f96c645)",
      "mean": 454.71066087594,
      "stddev": null,
      "median": 454.71066087594,
      "user": 656.56834612,
      "system": 127.41288413999999,
      "min": 454.71066087594,
      "max": 454.71066087594,
      "times": [
        454.71066087594
      ],
      "exit_codes": [
        0
      ],
      "parameters": {
        "commit": "c1e6fa62a332a7692490f8bfc43d32a67f96c645"
      },
      "network": "mainnet"
    },
    {
      "command": "base (d158c68b105e1f684733a17c8263ffdc0bfc3cff)",
      "mean": 25.096602897100002,
      "stddev": null,
      "median": 25.096602897100002,
      "user": 2.26087618,
      "system": 0.7828027,
      "min": 25.096602897100002,
      "max": 25.096602897100002,
      "times": [
        25.096602897100002
      ],
      "exit_codes": [
        0
      ],
      "parameters": {
        "commit": "d158c68b105e1f684733a17c8263ffdc0bfc3cff"
      },
      "network": "signet"
    },
    {
      "command": "head (c1e6fa62a332a7692490f8bfc43d32a67f96c645)",
      "mean": 25.0573548381,
      "stddev": null,
      "median": 25.0573548381,
      "user": 2.2003741800000003,
      "system": 0.7902766999999999,
      "min": 25.0573548381,
      "max": 25.0573548381,
      "times": [
        25.0573548381
      ],
      "exit_codes": [
        0
      ],
      "parameters": {
        "commit": "c1e6fa62a332a7692490f8bfc43d32a67f96c645"
      },
      "network": "signet"
    }
  ]
}