{
  "results": [
    {
      "command": "base (e29d2412eea7c5db366b7a5e6a2ebccb76879b34)",
      "mean": 460.0469858908,
      "stddev": null,
      "median": 460.0469858908,
      "user": 654.43393166,
      "system": 120.91559466,
      "min": 460.0469858908,
      "max": 460.0469858908,
      "times": [
        460.0469858908
      ],
      "exit_codes": [
        0
      ],
      "parameters": {
        "commit": "e29d2412eea7c5db366b7a5e6a2ebccb76879b34"
      },
      "network": "mainnet"
    },
    {
      "command": "head (9d3a28b420837adad64079016ac33d454a0c2c70)",
      "mean": 468.2736697408,
      "stddev": null,
      "median": 468.2736697408,
      "user": 650.62624066,
      "system": 122.46271065999998,
      "min": 468.2736697408,
      "max": 468.2736697408,
      "times": [
        468.2736697408
      ],
      "exit_codes": [
        0
      ],
      "parameters": {
        "commit": "9d3a28b420837adad64079016ac33d454a0c2c70"
      },
      "network": "mainnet"
    },
    {
      "command": "base (e29d2412eea7c5db366b7a5e6a2ebccb76879b34)",
      "mean": 17.539778383919998,
      "stddev": null,
      "median": 17.539778383919998,
      "user": 2.26649054,
      "system": 0.85389822,
      "min": 17.539778383919998,
      "max": 17.539778383919998,
      "times": [
        17.539778383919998
      ],
      "exit_codes": [
        0
      ],
      "parameters": {
        "commit": "e29d2412eea7c5db366b7a5e6a2ebccb76879b34"
      },
      "network": "signet"
    },
    {
      "command": "head (9d3a28b420837adad64079016ac33d454a0c2c70)",
      "mean": 17.41145567492,
      "stddev": null,
      "median": 17.41145567492,
      "user": 2.27574854,
      "system": 0.75503322,
      "min": 17.41145567492,
      "max": 17.41145567492,
      "times": [
        17.41145567492
      ],
      "exit_codes": [
        0
      ],
      "parameters": {
        "commit": "9d3a28b420837adad64079016ac33d454a0c2c70"
      },
      "network": "signet"
    }
  ]
}