{
  "results": [
    {
      "command": "base (0ceefb0062d5829efc19b0c8caa8f08d52e24aa1)",
      "mean": 444.00338571928,
      "stddev": null,
      "median": 444.00338571928,
      "user": 634.83623298,
      "system": 123.93656086,
      "min": 444.00338571928,
      "max": 444.00338571928,
      "times": [
        444.00338571928
      ],
      "exit_codes": [
        0
      ],
      "parameters": {
        "commit": "0ceefb0062d5829efc19b0c8caa8f08d52e24aa1"
      },
      "network": "mainnet"
    },
    {
      "command": "head (dbc98b9e6af41272d4d2765d0fdddb8976b12132)",
      "mean": 444.17517634328004,
      "stddev": null,
      "median": 444.17517634328004,
      "user": 629.56628498,
      "system": 118.50980686,
      "min": 444.17517634328004,
      "max": 444.17517634328004,
      "times": [
        444.17517634328004
      ],
      "exit_codes": [
        0
      ],
      "parameters": {
        "commit": "dbc98b9e6af41272d4d2765d0fdddb8976b12132"
      },
      "network": "mainnet"
    },
    {
      "command": "base (0ceefb0062d5829efc19b0c8caa8f08d52e24aa1)",
      "mean": 17.47623745796,
      "stddev": null,
      "median": 17.47623745796,
      "user": 2.68942902,
      "system": 0.79184548,
      "min": 17.47623745796,
      "max": 17.47623745796,
      "times": [
        17.47623745796
      ],
      "exit_codes": [
        0
      ],
      "parameters": {
        "commit": "0ceefb0062d5829efc19b0c8caa8f08d52e24aa1"
      },
      "network": "signet"
    },
    {
      "command": "head (dbc98b9e6af41272d4d2765d0fdddb8976b12132)",
      "mean": 17.34839771896,
      "stddev": null,
      "median": 17.34839771896,
      "user": 2.67905202,
      "system": 0.79446248,
      "min": 17.34839771896,
      "max": 17.34839771896,
      "times": [
        17.34839771896
      ],
      "exit_codes": [
        0
      ],
      "parameters": {
        "commit": "dbc98b9e6af41272d4d2765d0fdddb8976b12132"
      },
      "network": "signet"
    }
  ]
}