{
  "results": [
    {
      "command": "base (e29d2412eea7c5db366b7a5e6a2ebccb76879b34)",
      "mean": 462.20127380634,
      "stddev": null,
      "median": 462.20127380634,
      "user": 657.10482114,
      "system": 124.70200932,
      "min": 462.20127380634,
      "max": 462.20127380634,
      "times": [
        462.20127380634
      ],
      "exit_codes": [
        0
      ],
      "parameters": {
        "commit": "e29d2412eea7c5db366b7a5e6a2ebccb76879b34"
      },
      "network": "mainnet"
    },
    {
      "command": "head (72da09a7d1257276a8afae247f1fe31de1292681)",
      "mean": 467.34680993934,
      "stddev": null,
      "median": 467.34680993934,
      "user": 674.14381114,
      "system": 132.03176832,
      "min": 467.34680993934,
      "max": 467.34680993934,
      "times": [
        467.34680993934
      ],
      "exit_codes": [
        0
      ],
      "parameters": {
        "commit": "72da09a7d1257276a8afae247f1fe31de1292681"
      },
      "network": "mainnet"
    },
    {
      "command": "base (e29d2412eea7c5db366b7a5e6a2ebccb76879b34)",
      "mean": 17.29677527988,
      "stddev": null,
      "median": 17.29677527988,
      "user": 2.2363212,
      "system": 0.8043069799999999,
      "min": 17.29677527988,
      "max": 17.29677527988,
      "times": [
        17.29677527988
      ],
      "exit_codes": [
        0
      ],
      "parameters": {
        "commit": "e29d2412eea7c5db366b7a5e6a2ebccb76879b34"
      },
      "network": "signet"
    },
    {
      "command": "head (72da09a7d1257276a8afae247f1fe31de1292681)",
      "mean": 17.547861086879998,
      "stddev": null,
      "median": 17.547861086879998,
      "user": 2.3013931999999997,
      "system": 0.7835639799999999,
      "min": 17.547861086879998,
      "max": 17.547861086879998,
      "times": [
        17.547861086879998
      ],
      "exit_codes": [
        0
      ],
      "parameters": {
        "commit": "72da09a7d1257276a8afae247f1fe31de1292681"
      },
      "network": "signet"
    }
  ]
}