{
  "results": [
    {
      "command": "perf script flamegraph build/src/bitcoind -datadir=$TMP_DATADIR -connect=148.251.128.115:55555 -daemon=0 -signet -stopatheight=170000",
      "mean": 17.36202125852,
      "stddev": null,
      "median": 17.36202125852,
      "user": 2.53188852,
      "system": 0.66318024,
      "min": 17.36202125852,
      "max": 17.36202125852,
      "times": [
        17.36202125852
      ],
      "exit_codes": [
        0
      ],
      "parameters": {
        "commit": "e1d0201840cfd4ce0568c4f54f40c19cb1dc68f0"
      }
    },
    {
      "command": "perf script flamegraph build/src/bitcoind -datadir=$TMP_DATADIR -connect=148.251.128.115:55555 -daemon=0 -signet -stopatheight=170000",
      "mean": 17.35142916252,
      "stddev": null,
      "median": 17.35142916252,
      "user": 2.51841452,
      "system": 0.65994824,
      "min": 17.35142916252,
      "max": 17.35142916252,
      "times": [
        17.35142916252
      ],
      "exit_codes": [
        0
      ],
      "parameters": {
        "commit": "9872a25d3238deb9b83ca0454232f39a05cffcb1"
      }
    }
  ]
}
