{
  "results": [
    {
      "command": "base (d158c68b105e1f684733a17c8263ffdc0bfc3cff)",
      "mean": 4.59768623612,
      "stddev": null,
      "median": 4.59768623612,
      "user": 3.83980226,
      "system": 0.6024143799999999,
      "min": 4.59768623612,
      "max": 4.59768623612,
      "times": [
        4.59768623612
      ],
      "exit_codes": [
        0
      ],
      "parameters": {
        "commit": "d158c68b105e1f684733a17c8263ffdc0bfc3cff"
      },
      "network": "mainnet"
    },
    {
      "command": "head (dd68f76054da22f7333503f9344e49347b5b4553)",
      "mean": 4.992781505120001,
      "stddev": null,
      "median": 4.992781505120001,
      "user": 4.0632892599999995,
      "system": 0.66322938,
      "min": 4.992781505120001,
      "max": 4.992781505120001,
      "times": [
        4.992781505120001
      ],
      "exit_codes": [
        0
      ],
      "parameters": {
        "commit": "dd68f76054da22f7333503f9344e49347b5b4553"
      },
      "network": "mainnet"
    },
    {
      "command": "base (d158c68b105e1f684733a17c8263ffdc0bfc3cff)",
      "mean": 1.19795498642,
      "stddev": null,
      "median": 1.19795498642,
      "user": 0.7190562399999999,
      "system": 0.1655313,
      "min": 1.19795498642,
      "max": 1.19795498642,
      "times": [
        1.19795498642
      ],
      "exit_codes": [
        0
      ],
      "parameters": {
        "commit": "d158c68b105e1f684733a17c8263ffdc0bfc3cff"
      },
      "network": "signet"
    },
    {
      "command": "head (dd68f76054da22f7333503f9344e49347b5b4553)",
      "mean": 1.19970054742,
      "stddev": null,
      "median": 1.19970054742,
      "user": 0.7229132399999999,
      "system": 0.1553993,
      "min": 1.19970054742,
      "max": 1.19970054742,
      "times": [
        1.19970054742
      ],
      "exit_codes": [
        0
      ],
      "parameters": {
        "commit": "dd68f76054da22f7333503f9344e49347b5b4553"
      },
      "network": "signet"
    }
  ]
}