{
  "results": [
    {
      "command": "build/src/bitcoind -datadir=$TMP_DATADIR -connect=148.251.128.115:55555 -daemon=0 -signet -stopatheight=170000",
      "mean": 17.25229308298,
      "stddev": null,
      "median": 17.25229308298,
      "user": 2.24667238,
      "system": 0.55235612,
      "min": 17.25229308298,
      "max": 17.25229308298,
      "times": [
        17.25229308298
      ],
      "exit_codes": [
        0
      ],
      "parameters": {
        "commit": "6a09409facbd682a57fb7d80f850f5bf54ebc98e"
      }
    },
    {
      "command": "build/src/bitcoind -datadir=$TMP_DATADIR -connect=148.251.128.115:55555 -daemon=0 -signet -stopatheight=170000",
      "mean": 17.332696184979998,
      "stddev": null,
      "median": 17.332696184979998,
      "user": 2.18885238,
      "system": 0.60632512,
      "min": 17.332696184979998,
      "max": 17.332696184979998,
      "times": [
        17.332696184979998
      ],
      "exit_codes": [
        0
      ],
      "parameters": {
        "commit": "3143dcd923c8599870aebda7b048669d552d0e98"
      }
    }
  ]
}
