{
  "results": [
    {
      "command": "base (54c4ad9c38183470e4d41438bab2ee8e623022c4)",
      "mean": 445.39887758808,
      "stddev": null,
      "median": 445.39887758808,
      "user": 635.94929072,
      "system": 121.86706702,
      "min": 445.39887758808,
      "max": 445.39887758808,
      "times": [
        445.39887758808
      ],
      "exit_codes": [
        0
      ],
      "parameters": {
        "commit": "54c4ad9c38183470e4d41438bab2ee8e623022c4"
      },
      "network": "mainnet"
    },
    {
      "command": "head (c40f5946f9dbd5ecffbfef0f9b8c791d39885d7e)",
      "mean": 380.48582100708,
      "stddev": null,
      "median": 380.48582100708,
      "user": 695.85141072,
      "system": 158.90613502,
      "min": 380.48582100708,
      "max": 380.48582100708,
      "times": [
        380.48582100708
      ],
      "exit_codes": [
        0
      ],
      "parameters": {
        "commit": "c40f5946f9dbd5ecffbfef0f9b8c791d39885d7e"
      },
      "network": "mainnet"
    }
  ]
}