{
  "results": [
    {
      "command": "base (d158c68b105e1f684733a17c8263ffdc0bfc3cff)",
      "mean": 448.2002025394,
      "stddev": null,
      "median": 448.2002025394,
      "user": 651.2183028999999,
      "system": 121.90372409999999,
      "min": 448.2002025394,
      "max": 448.2002025394,
      "times": [
        448.2002025394
      ],
      "exit_codes": [
        0
      ],
      "parameters": {
        "commit": "d158c68b105e1f684733a17c8263ffdc0bfc3cff"
      },
      "network": "mainnet"
    },
    {
      "command": "head (34b89cbd516ed7227b627d1fb45753e3f43624e9)",
      "mean": 453.9510236574,
      "stddev": null,
      "median": 453.9510236574,
      "user": 653.0269989,
      "system": 128.26163609999998,
      "min": 453.9510236574,
      "max": 453.9510236574,
      "times": [
        453.9510236574
      ],
      "exit_codes": [
        0
      ],
      "parameters": {
        "commit": "34b89cbd516ed7227b627d1fb45753e3f43624e9"
      },
      "network": "mainnet"
    },
    {
      "command": "base (d158c68b105e1f684733a17c8263ffdc0bfc3cff)",
      "mean": 25.100899781520003,
      "stddev": null,
      "median": 25.100899781520003,
      "user": 2.2877837800000003,
      "system": 0.7619989799999999,
      "min": 25.100899781520003,
      "max": 25.100899781520003,
      "times": [
        25.100899781520003
      ],
      "exit_codes": [
        0
      ],
      "parameters": {
        "commit": "d158c68b105e1f684733a17c8263ffdc0bfc3cff"
      },
      "network": "signet"
    },
    {
      "command": "head (34b89cbd516ed7227b627d1fb45753e3f43624e9)",
      "mean": 25.177148174520003,
      "stddev": null,
      "median": 25.177148174520003,
      "user": 2.20484978,
      "system": 0.8097059799999999,
      "min": 25.177148174520003,
      "max": 25.177148174520003,
      "times": [
        25.177148174520003
      ],
      "exit_codes": [
        0
      ],
      "parameters": {
        "commit": "34b89cbd516ed7227b627d1fb45753e3f43624e9"
      },
      "network": "signet"
    }
  ]
}