{
  "results": [
    {
      "command": "base (0dca1417990f9ab7e6b3197cd144dcea51886c77)",
      "mean": 17.4709195636,
      "stddev": null,
      "median": 17.4709195636,
      "user": 2.6435487199999996,
      "system": 0.81609062,
      "min": 17.4709195636,
      "max": 17.4709195636,
      "times": [
        17.4709195636
      ],
      "exit_codes": [
        0
      ],
      "parameters": {
        "commit": "0dca1417990f9ab7e6b3197cd144dcea51886c77"
      },
      "network": "signet"
    },
    {
      "command": "head (f55834ac8e95593004baa1964296fba70c6803bb)",
      "mean": 17.4619232336,
      "stddev": null,
      "median": 17.4619232336,
      "user": 2.63474372,
      "system": 0.8212356199999999,
      "min": 17.4619232336,
      "max": 17.4619232336,
      "times": [
        17.4619232336
      ],
      "exit_codes": [
        0
      ],
      "parameters": {
        "commit": "f55834ac8e95593004baa1964296fba70c6803bb"
      },
      "network": "signet"
    },
    {
      "command": "base (0dca1417990f9ab7e6b3197cd144dcea51886c77)",
      "mean": 399.98325448666,
      "stddev": null,
      "median": 399.98325448666,
      "user": 679.84239828,
      "system": 143.92501432,
      "min": 399.98325448666,
      "max": 399.98325448666,
      "times": [
        399.98325448666
      ],
      "exit_codes": [
        0
      ],
      "parameters": {
        "commit": "0dca1417990f9ab7e6b3197cd144dcea51886c77"
      },
      "network": "mainnet"
    },
    {
      "command": "head (f55834ac8e95593004baa1964296fba70c6803bb)",
      "mean": 393.77971732466,
      "stddev": null,
      "median": 393.77971732466,
      "user": 682.1447472799999,
      "system": 142.96929332,
      "min": 393.77971732466,
      "max": 393.77971732466,
      "times": [
        393.77971732466
      ],
      "exit_codes": [
        0
      ],
      "parameters": {
        "commit": "f55834ac8e95593004baa1964296fba70c6803bb"
      },
      "network": "mainnet"
    }
  ]
}