{
  "results": [
    {
      "command": "base (92df3f79bc9236d98563f5b214e6ded977176492)",
      "mean": 432.90310570564,
      "stddev": null,
      "median": 432.90310570564,
      "user": 687.74802386,
      "system": 139.60116286,
      "min": 432.90310570564,
      "max": 432.90310570564,
      "times": [
        432.90310570564
      ],
      "exit_codes": [
        0
      ],
      "parameters": {
        "commit": "92df3f79bc9236d98563f5b214e6ded977176492"
      },
      "network": "mainnet"
    },
    {
      "command": "head (f604727e8cfc1760fecbc2d983e8afa1807a1ee9)",
      "mean": 444.40648963464,
      "stddev": null,
      "median": 444.40648963464,
      "user": 695.47158986,
      "system": 139.35248185999998,
      "min": 444.40648963464,
      "max": 444.40648963464,
      "times": [
        444.40648963464
      ],
      "exit_codes": [
        0
      ],
      "parameters": {
        "commit": "f604727e8cfc1760fecbc2d983e8afa1807a1ee9"
      },
      "network": "mainnet"
    },
    {
      "command": "base (92df3f79bc9236d98563f5b214e6ded977176492)",
      "mean": 25.18042068912,
      "stddev": null,
      "median": 25.18042068912,
      "user": 2.25984664,
      "system": 0.80800484,
      "min": 25.18042068912,
      "max": 25.18042068912,
      "times": [
        25.18042068912
      ],
      "exit_codes": [
        0
      ],
      "parameters": {
        "commit": "92df3f79bc9236d98563f5b214e6ded977176492"
      },
      "network": "signet"
    },
    {
      "command": "head (f604727e8cfc1760fecbc2d983e8afa1807a1ee9)",
      "mean": 25.068158577120002,
      "stddev": null,
      "median": 25.068158577120002,
      "user": 2.28119664,
      "system": 0.7906568399999999,
      "min": 25.068158577120002,
      "max": 25.068158577120002,
      "times": [
        25.068158577120002
      ],
      "exit_codes": [
        0
      ],
      "parameters": {
        "commit": "f604727e8cfc1760fecbc2d983e8afa1807a1ee9"
      },
      "network": "signet"
    }
  ]
}