{
  "results": [
    {
      "command": "base (0ceefb0062d5829efc19b0c8caa8f08d52e24aa1)",
      "mean": 401.56863857162,
      "stddev": null,
      "median": 401.56863857162,
      "user": 685.6649258599999,
      "system": 140.28544603999998,
      "min": 401.56863857162,
      "max": 401.56863857162,
      "times": [
        401.56863857162
      ],
      "exit_codes": [
        0
      ],
      "parameters": {
        "commit": "0ceefb0062d5829efc19b0c8caa8f08d52e24aa1"
      },
      "network": "mainnet"
    },
    {
      "command": "head (acb1282b7f9394c2c0f9409467ffa5a84a22051e)",
      "mean": 387.23700134162,
      "stddev": null,
      "median": 387.23700134162,
      "user": 671.0008448599999,
      "system": 141.56850704,
      "min": 387.23700134162,
      "max": 387.23700134162,
      "times": [
        387.23700134162
      ],
      "exit_codes": [
        0
      ],
      "parameters": {
        "commit": "acb1282b7f9394c2c0f9409467ffa5a84a22051e"
      },
      "network": "mainnet"
    },
    {
      "command": "base (0ceefb0062d5829efc19b0c8caa8f08d52e24aa1)",
      "mean": 17.45429405868,
      "stddev": null,
      "median": 17.45429405868,
      "user": 2.7142215199999997,
      "system": 0.7424030399999999,
      "min": 17.45429405868,
      "max": 17.45429405868,
      "times": [
        17.45429405868
      ],
      "exit_codes": [
        0
      ],
      "parameters": {
        "commit": "0ceefb0062d5829efc19b0c8caa8f08d52e24aa1"
      },
      "network": "signet"
    },
    {
      "command": "head (acb1282b7f9394c2c0f9409467ffa5a84a22051e)",
      "mean": 17.500999993679997,
      "stddev": null,
      "median": 17.500999993679997,
      "user": 2.62128352,
      "system": 0.82596704,
      "min": 17.500999993679997,
      "max": 17.500999993679997,
      "times": [
        17.500999993679997
      ],
      "exit_codes": [
        0
      ],
      "parameters": {
        "commit": "acb1282b7f9394c2c0f9409467ffa5a84a22051e"
      },
      "network": "signet"
    }
  ]
}