{
  "results": [
    {
      "command": "base (54c4ad9c38183470e4d41438bab2ee8e623022c4)",
      "mean": 401.80436832808,
      "stddev": null,
      "median": 401.80436832808,
      "user": 698.66354852,
      "system": 149.22240201999998,
      "min": 401.80436832808,
      "max": 401.80436832808,
      "times": [
        401.80436832808
      ],
      "exit_codes": [
        0
      ],
      "parameters": {
        "commit": "54c4ad9c38183470e4d41438bab2ee8e623022c4"
      },
      "network": "mainnet"
    },
    {
      "command": "head (3a344d843a0ab4d9625ac7a3b6cd54bd7a17646b)",
      "mean": 318.22770634108,
      "stddev": null,
      "median": 318.22770634108,
      "user": 718.63326552,
      "system": 135.07451102,
      "min": 318.22770634108,
      "max": 318.22770634108,
      "times": [
        318.22770634108
      ],
      "exit_codes": [
        0
      ],
      "parameters": {
        "commit": "3a344d843a0ab4d9625ac7a3b6cd54bd7a17646b"
      },
      "network": "mainnet"
    }
  ]
}