{
  "results": [
    {
      "command": "base (d158c68b105e1f684733a17c8263ffdc0bfc3cff)",
      "mean": 456.60603514589997,
      "stddev": null,
      "median": 456.60603514589997,
      "user": 671.4561751,
      "system": 124.96771365999999,
      "min": 456.60603514589997,
      "max": 456.60603514589997,
      "times": [
        456.60603514589997
      ],
      "exit_codes": [
        0
      ],
      "parameters": {
        "commit": "d158c68b105e1f684733a17c8263ffdc0bfc3cff"
      },
      "network": "mainnet"
    },
    {
      "command": "head (088bd92765cd85c04c23c8831931831b352adbd0)",
      "mean": 452.6170377789,
      "stddev": null,
      "median": 452.6170377789,
      "user": 664.3540561,
      "system": 127.22414866,
      "min": 452.6170377789,
      "max": 452.6170377789,
      "times": [
        452.6170377789
      ],
      "exit_codes": [
        0
      ],
      "parameters": {
        "commit": "088bd92765cd85c04c23c8831931831b352adbd0"
      },
      "network": "mainnet"
    },
    {
      "command": "base (d158c68b105e1f684733a17c8263ffdc0bfc3cff)",
      "mean": 26.13915957176,
      "stddev": null,
      "median": 26.13915957176,
      "user": 2.57286186,
      "system": 0.8334499599999999,
      "min": 26.13915957176,
      "max": 26.13915957176,
      "times": [
        26.13915957176
      ],
      "exit_codes": [
        0
      ],
      "parameters": {
        "commit": "d158c68b105e1f684733a17c8263ffdc0bfc3cff"
      },
      "network": "signet"
    },
    {
      "command": "head (088bd92765cd85c04c23c8831931831b352adbd0)",
      "mean": 26.11345155576,
      "stddev": null,
      "median": 26.11345155576,
      "user": 2.58846086,
      "system": 0.78623096,
      "min": 26.11345155576,
      "max": 26.11345155576,
      "times": [
        26.11345155576
      ],
      "exit_codes": [
        0
      ],
      "parameters": {
        "commit": "088bd92765cd85c04c23c8831931831b352adbd0"
      },
      "network": "signet"
    }
  ]
}