{
  "results": [
    {
      "command": "base (0ceefb0062d5829efc19b0c8caa8f08d52e24aa1)",
      "mean": 0.21284798778000003,
      "stddev": null,
      "median": 0.21284798778000003,
      "user": 0.19774322,
      "system": 0.046264599999999996,
      "min": 0.21284798778000003,
      "max": 0.21284798778000003,
      "times": [
        0.21284798778000003
      ],
      "exit_codes": [
        0
      ],
      "parameters": {
        "commit": "0ceefb0062d5829efc19b0c8caa8f08d52e24aa1"
      },
      "network": "mainnet"
    },
    {
      "command": "head (f035705494639c51a4f4f6c91dfafdcd81de091f)",
      "mean": 0.21356746678000002,
      "stddev": null,
      "median": 0.21356746678000002,
      "user": 0.20318622,
      "system": 0.042822599999999995,
      "min": 0.21356746678000002,
      "max": 0.21356746678000002,
      "times": [
        0.21356746678000002
      ],
      "exit_codes": [
        0
      ],
      "parameters": {
        "commit": "f035705494639c51a4f4f6c91dfafdcd81de091f"
      },
      "network": "mainnet"
    },
    {
      "command": "base (0ceefb0062d5829efc19b0c8caa8f08d52e24aa1)",
      "mean": 0.21123654332000003,
      "stddev": null,
      "median": 0.21123654332000003,
      "user": 0.20986671999999998,
      "system": 0.03488736,
      "min": 0.21123654332000003,
      "max": 0.21123654332000003,
      "times": [
        0.21123654332000003
      ],
      "exit_codes": [
        0
      ],
      "parameters": {
        "commit": "0ceefb0062d5829efc19b0c8caa8f08d52e24aa1"
      },
      "network": "signet"
    },
    {
      "command": "head (f035705494639c51a4f4f6c91dfafdcd81de091f)",
      "mean": 0.21212917232,
      "stddev": null,
      "median": 0.21212917232,
      "user": 0.20948271999999998,
      "system": 0.03469136,
      "min": 0.21212917232,
      "max": 0.21212917232,
      "times": [
        0.21212917232
      ],
      "exit_codes": [
        0
      ],
      "parameters": {
        "commit": "f035705494639c51a4f4f6c91dfafdcd81de091f"
      },
      "network": "signet"
    }
  ]
}