{
  "results": [
    {
      "command": "base (92df3f79bc9236d98563f5b214e6ded977176492)",
      "mean": 429.97709416354,
      "stddev": null,
      "median": 429.97709416354,
      "user": 687.8731763,
      "system": 139.48796887999998,
      "min": 429.97709416354,
      "max": 429.97709416354,
      "times": [
        429.97709416354
      ],
      "exit_codes": [
        0
      ],
      "parameters": {
        "commit": "92df3f79bc9236d98563f5b214e6ded977176492"
      },
      "network": "mainnet"
    },
    {
      "command": "head (99ca20ce692f5894a49d82d5c97fc7513ba4e885)",
      "mean": 2572.7216877865403,
      "stddev": null,
      "median": 2572.7216877865403,
      "user": 2870.0354432999998,
      "system": 125.14495387999999,
      "min": 2572.7216877865403,
      "max": 2572.7216877865403,
      "times": [
        2572.7216877865403
      ],
      "exit_codes": [
        0
      ],
      "parameters": {
        "commit": "99ca20ce692f5894a49d82d5c97fc7513ba4e885"
      },
      "network": "mainnet"
    },
    {
      "command": "base (92df3f79bc9236d98563f5b214e6ded977176492)",
      "mean": 25.10317676028,
      "stddev": null,
      "median": 25.10317676028,
      "user": 2.23916924,
      "system": 0.797832,
      "min": 25.10317676028,
      "max": 25.10317676028,
      "times": [
        25.10317676028
      ],
      "exit_codes": [
        0
      ],
      "parameters": {
        "commit": "92df3f79bc9236d98563f5b214e6ded977176492"
      },
      "network": "signet"
    },
    {
      "command": "head (99ca20ce692f5894a49d82d5c97fc7513ba4e885)",
      "mean": 25.43515020128,
      "stddev": null,
      "median": 25.43515020128,
      "user": 2.65961424,
      "system": 0.6884129999999999,
      "min": 25.43515020128,
      "max": 25.43515020128,
      "times": [
        25.43515020128
      ],
      "exit_codes": [
        0
      ],
      "parameters": {
        "commit": "99ca20ce692f5894a49d82d5c97fc7513ba4e885"
      },
      "network": "signet"
    }
  ]
}