{
  "results": [
    {
      "command": "base (e9a3b76c4740fd26ae6805698844f9febaca6681)",
      "mean": 25.254402446300002,
      "stddev": null,
      "median": 25.254402446300002,
      "user": 2.66703544,
      "system": 0.7727631,
      "min": 25.254402446300002,
      "max": 25.254402446300002,
      "times": [
        25.254402446300002
      ],
      "exit_codes": [
        0
      ],
      "parameters": {
        "commit": "e9a3b76c4740fd26ae6805698844f9febaca6681"
      },
      "network": "signet"
    },
    {
      "command": "head (b99f965c3ccba18060c372581f868ac2dce99533)",
      "mean": 25.2465352163,
      "stddev": null,
      "median": 25.2465352163,
      "user": 2.76108244,
      "system": 0.8937561,
      "min": 25.2465352163,
      "max": 25.2465352163,
      "times": [
        25.2465352163
      ],
      "exit_codes": [
        0
      ],
      "parameters": {
        "commit": "b99f965c3ccba18060c372581f868ac2dce99533"
      },
      "network": "signet"
    },
    {
      "command": "base (e9a3b76c4740fd26ae6805698844f9febaca6681)",
      "mean": 854.09513078088,
      "stddev": null,
      "median": 854.09513078088,
      "user": 938.26663848,
      "system": 456.7586386,
      "min": 854.09513078088,
      "max": 854.09513078088,
      "times": [
        854.09513078088
      ],
      "exit_codes": [
        0
      ],
      "parameters": {
        "commit": "e9a3b76c4740fd26ae6805698844f9febaca6681"
      },
      "network": "mainnet"
    },
    {
      "command": "head (b99f965c3ccba18060c372581f868ac2dce99533)",
      "mean": 436.72101474988,
      "stddev": null,
      "median": 436.72101474988,
      "user": 659.26460048,
      "system": 137.5495526,
      "min": 436.72101474988,
      "max": 436.72101474988,
      "times": [
        436.72101474988
      ],
      "exit_codes": [
        0
      ],
      "parameters": {
        "commit": "b99f965c3ccba18060c372581f868ac2dce99533"
      },
      "network": "mainnet"
    }
  ]
}