{
  "results": [
    {
      "command": "perf script flamegraph build/src/bitcoind -datadir=$TMP_DATADIR -connect=148.251.128.115:55555 -daemon=0 -signet -stopatheight=170000",
      "mean": 17.41409580734,
      "stddev": null,
      "median": 17.41409580734,
      "user": 2.3929202999999997,
      "system": 0.68045378,
      "min": 17.41409580734,
      "max": 17.41409580734,
      "times": [
        17.41409580734
      ],
      "exit_codes": [
        0
      ],
      "parameters": {
        "commit": "6a09409facbd682a57fb7d80f850f5bf54ebc98e"
      }
    },
    {
      "command": "perf script flamegraph build/src/bitcoind -datadir=$TMP_DATADIR -connect=148.251.128.115:55555 -daemon=0 -signet -stopatheight=170000",
      "mean": 17.44290929534,
      "stddev": null,
      "median": 17.44290929534,
      "user": 2.5300522999999995,
      "system": 0.69490778,
      "min": 17.44290929534,
      "max": 17.44290929534,
      "times": [
        17.44290929534
      ],
      "exit_codes": [
        0
      ],
      "parameters": {
        "commit": "24d19ce0538ea08ca8c71f34944e47ac1677b26d"
      }
    }
  ]
}
