{
  "results": [
    {
      "command": "base (d158c68b105e1f684733a17c8263ffdc0bfc3cff)",
      "mean": 456.60603514589997,
      "stddev": null,
      "median": 456.60603514589997,
      "user": 671.4561751,
      "system": 124.96771365999999,
      "min": 456.60603514589997,
      "max": 456.60603514589997,
      "times": [
        456.60603514589997
      ],
      "exit_codes": [
        0
      ],
      "parameters": {
        "commit": "d158c68b105e1f684733a17c8263ffdc0bfc3cff"
      },
      "network": "mainnet"
    },
    {
      "command": "head (088bd92765cd85c04c23c8831931831b352adbd0)",
      "mean": 452.6170377789,
      "stddev": null,
      "median": 452.6170377789,
      "user": 664.3540561,
      "system": 127.22414866,
      "min": 452.6170377789,
      "max": 452.6170377789,
      "times": [
        452.6170377789
      ],
      "exit_codes": [
        0
      ],
      "parameters": {
        "commit": "088bd92765cd85c04c23c8831931831b352adbd0"
      },
      "network": "mainnet"
    },
    {
      "command": "base (d158c68b105e1f684733a17c8263ffdc0bfc3cff)",
      "mean": 25.15900783568,
      "stddev": null,
      "median": 25.15900783568,
      "user": 2.23918788,
      "system": 0.75954028,
      "min": 25.15900783568,
      "max": 25.15900783568,
      "times": [
        25.15900783568
      ],
      "exit_codes": [
        0
      ],
      "parameters": {
        "commit": "d158c68b105e1f684733a17c8263ffdc0bfc3cff"
      },
      "network": "signet"
    },
    {
      "command": "head (088bd92765cd85c04c23c8831931831b352adbd0)",
      "mean": 25.15988893768,
      "stddev": null,
      "median": 25.15988893768,
      "user": 2.27570288,
      "system": 0.73372828,
      "min": 25.15988893768,
      "max": 25.15988893768,
      "times": [
        25.15988893768
      ],
      "exit_codes": [
        0
      ],
      "parameters": {
        "commit": "088bd92765cd85c04c23c8831931831b352adbd0"
      },
      "network": "signet"
    }
  ]
}