{
  "results": [
    {
      "command": "base (e29d2412eea7c5db366b7a5e6a2ebccb76879b34)",
      "mean": 476.8179396048,
      "stddev": null,
      "median": 476.8179396048,
      "user": 647.0485253999999,
      "system": 120.40018979999999,
      "min": 476.8179396048,
      "max": 476.8179396048,
      "times": [
        476.8179396048
      ],
      "exit_codes": [
        0
      ],
      "parameters": {
        "commit": "e29d2412eea7c5db366b7a5e6a2ebccb76879b34"
      },
      "network": "mainnet"
    },
    {
      "command": "head (2656f45fe1f19c7b571e97b1bef31469f3b159f7)",
      "mean": 459.9055581448,
      "stddev": null,
      "median": 459.9055581448,
      "user": 620.5282894,
      "system": 109.8779198,
      "min": 459.9055581448,
      "max": 459.9055581448,
      "times": [
        459.9055581448
      ],
      "exit_codes": [
        0
      ],
      "parameters": {
        "commit": "2656f45fe1f19c7b571e97b1bef31469f3b159f7"
      },
      "network": "mainnet"
    },
    {
      "command": "base (e29d2412eea7c5db366b7a5e6a2ebccb76879b34)",
      "mean": 17.42379307644,
      "stddev": null,
      "median": 17.42379307644,
      "user": 2.24905566,
      "system": 0.79249014,
      "min": 17.42379307644,
      "max": 17.42379307644,
      "times": [
        17.42379307644
      ],
      "exit_codes": [
        0
      ],
      "parameters": {
        "commit": "e29d2412eea7c5db366b7a5e6a2ebccb76879b34"
      },
      "network": "signet"
    },
    {
      "command": "head (2656f45fe1f19c7b571e97b1bef31469f3b159f7)",
      "mean": 17.43150357844,
      "stddev": null,
      "median": 17.43150357844,
      "user": 2.22172366,
      "system": 0.7963081399999999,
      "min": 17.43150357844,
      "max": 17.43150357844,
      "times": [
        17.43150357844
      ],
      "exit_codes": [
        0
      ],
      "parameters": {
        "commit": "2656f45fe1f19c7b571e97b1bef31469f3b159f7"
      },
      "network": "signet"
    }
  ]
}