{
  "results": [
    {
      "command": "base (0ceefb0062d5829efc19b0c8caa8f08d52e24aa1)",
      "mean": 2731.27743836314,
      "stddev": null,
      "median": 2731.27743836314,
      "user": 3100.37750426,
      "system": 168.64685132,
      "min": 2731.27743836314,
      "max": 2731.27743836314,
      "times": [
        2731.27743836314
      ],
      "exit_codes": [
        0
      ],
      "parameters": {
        "commit": "0ceefb0062d5829efc19b0c8caa8f08d52e24aa1"
      },
      "network": "mainnet"
    },
    {
      "command": "head (b2b5f947c0781905b2a5b000703a1ab7c9181b3d)",
      "mean": 2041.43184191614,
      "stddev": null,
      "median": 2041.43184191614,
      "user": 2387.39848326,
      "system": 168.46504532,
      "min": 2041.43184191614,
      "max": 2041.43184191614,
      "times": [
        2041.43184191614
      ],
      "exit_codes": [
        0
      ],
      "parameters": {
        "commit": "b2b5f947c0781905b2a5b000703a1ab7c9181b3d"
      },
      "network": "mainnet"
    },
    {
      "command": "base (0ceefb0062d5829efc19b0c8caa8f08d52e24aa1)",
      "mean": 17.80739382514,
      "stddev": null,
      "median": 17.80739382514,
      "user": 4.15868902,
      "system": 0.8015613,
      "min": 17.80739382514,
      "max": 17.80739382514,
      "times": [
        17.80739382514
      ],
      "exit_codes": [
        0
      ],
      "parameters": {
        "commit": "0ceefb0062d5829efc19b0c8caa8f08d52e24aa1"
      },
      "network": "signet"
    },
    {
      "command": "head (b2b5f947c0781905b2a5b000703a1ab7c9181b3d)",
      "mean": 17.676800672139997,
      "stddev": null,
      "median": 17.676800672139997,
      "user": 4.05860002,
      "system": 0.8047553000000001,
      "min": 17.676800672139997,
      "max": 17.676800672139997,
      "times": [
        17.676800672139997
      ],
      "exit_codes": [
        0
      ],
      "parameters": {
        "commit": "b2b5f947c0781905b2a5b000703a1ab7c9181b3d"
      },
      "network": "signet"
    }
  ]
}