{
  "results": [
    {
      "command": "base (54c4ad9c38183470e4d41438bab2ee8e623022c4)",
      "mean": 431.09832124914004,
      "stddev": null,
      "median": 431.09832124914004,
      "user": 647.05611204,
      "system": 127.7347159,
      "min": 431.09832124914004,
      "max": 431.09832124914004,
      "times": [
        431.09832124914004
      ],
      "exit_codes": [
        0
      ],
      "parameters": {
        "commit": "54c4ad9c38183470e4d41438bab2ee8e623022c4"
      },
      "network": "mainnet"
    },
    {
      "command": "head (f1c1f21d0bdc2be0b33ddc73c0c1d77d6b8f7539)",
      "mean": 379.05446681114,
      "stddev": null,
      "median": 379.05446681114,
      "user": 683.9093030399999,
      "system": 130.41800289999998,
      "min": 379.05446681114,
      "max": 379.05446681114,
      "times": [
        379.05446681114
      ],
      "exit_codes": [
        0
      ],
      "parameters": {
        "commit": "f1c1f21d0bdc2be0b33ddc73c0c1d77d6b8f7539"
      },
      "network": "mainnet"
    }
  ]
}