{
  "results": [
    {
      "command": "base (54c4ad9c38183470e4d41438bab2ee8e623022c4)",
      "mean": 405.61520661188,
      "stddev": null,
      "median": 405.61520661188,
      "user": 695.70424386,
      "system": 147.10316125999998,
      "min": 405.61520661188,
      "max": 405.61520661188,
      "times": [
        405.61520661188
      ],
      "exit_codes": [
        0
      ],
      "parameters": {
        "commit": "54c4ad9c38183470e4d41438bab2ee8e623022c4"
      },
      "network": "mainnet"
    },
    {
      "command": "head (1369388eaaff75425faa3e0943dc3250f176c7e8)",
      "mean": 470.30590097788,
      "stddev": null,
      "median": 470.30590097788,
      "user": 920.04614286,
      "system": 230.05137925999998,
      "min": 470.30590097788,
      "max": 470.30590097788,
      "times": [
        470.30590097788
      ],
      "exit_codes": [
        0
      ],
      "parameters": {
        "commit": "1369388eaaff75425faa3e0943dc3250f176c7e8"
      },
      "network": "mainnet"
    }
  ]
}