{
  "results": [
    {
      "command": "base (7cabf2b318cc00277612c2eca81e0e1611d32d65)",
      "mean": 1504.9181000795534,
      "stddev": 14.77825980721858,
      "median": 1503.05781879522,
      "user": 1250.1443909466666,
      "system": 222.30595934,
      "min": 1486.90085454972,
      "max": 1529.04969661372,
      "times": [
        1498.5614942377201,
        1486.90085454972,
        1507.55414335272,
        1529.04969661372,
        1495.5111676957201,
        1511.9312440277201
      ],
      "exit_codes": [
        0,
        0,
        0,
        0,
        0,
        0
      ],
      "parameters": {
        "commit": "base"
      },
      "network": "mainnet-default-uninstrumented"
    },
    {
      "command": "head (c28a6ad94e7f7330afaae16637e0045a3e79e766)",
      "mean": 1513.13290806422,
      "stddev": 15.172345075004825,
      "median": 1512.65506855672,
      "user": 1252.8191096133332,
      "system": 225.36062734000004,
      "min": 1495.63289410972,
      "max": 1536.84184522272,
      "times": [
        1517.36302087572,
        1499.92206405072,
        1495.63289410972,
        1521.0905078887201,
        1507.9471162377201,
        1536.84184522272
      ],
      "exit_codes": [
        0,
        0,
        0,
        0,
        0,
        0
      ],
      "parameters": {
        "commit": "head"
      },
      "network": "mainnet-default-uninstrumented"
    },
    {
      "command": "base (7cabf2b318cc00277612c2eca81e0e1611d32d65)",
      "mean": 1035.6243763573334,
      "stddev": 4.959258469191223,
      "median": 1035.704251294,
      "user": 898.6741302933333,
      "system": 112.91465323333334,
      "min": 1028.551168123,
      "max": 1043.435425663,
      "times": [
        1037.415773164,
        1043.435425663,
        1034.845199729,
        1032.935388606,
        1028.551168123,
        1036.563302859
      ],
      "exit_codes": [
        0,
        0,
        0,
        0,
        0,
        0
      ],
      "parameters": {
        "commit": "base"
      },
      "network": "mainnet-large-uninstrumented"
    },
    {
      "command": "head (c28a6ad94e7f7330afaae16637e0045a3e79e766)",
      "mean": 1035.8014780191666,
      "stddev": 3.82281942874353,
      "median": 1035.8918782905,
      "user": 896.65511046,
      "system": 112.97536173333333,
      "min": 1029.495134672,
      "max": 1039.928332764,
      "times": [
        1035.0393699,
        1029.495134672,
        1034.2708435,
        1039.928332764,
        1039.330800598,
        1036.744386681
      ],
      "exit_codes": [
        0,
        0,
        0,
        0,
        0,
        0
      ],
      "parameters": {
        "commit": "head"
      },
      "network": "mainnet-large-uninstrumented"
    }
  ],
  "speedups": {
    "mainnet-default-uninstrumented": "-0.5",
    "mainnet-large-uninstrumented": "-0.0"
  }
}