{
  "results": [
    {
      "command": "base (7cabf2b318cc00277612c2eca81e0e1611d32d65)",
      "mean": 1519.3419222489067,
      "stddev": 14.96063660985397,
      "median": 1524.33008662774,
      "user": 1258.9261554533334,
      "system": 224.5241940933333,
      "min": 1491.91189234474,
      "max": 1533.12796108174,
      "times": [
        1533.12796108174,
        1528.01960463474,
        1527.96847852274,
        1520.69169473274,
        1514.33190217674,
        1491.91189234474
      ],
      "exit_codes": [
        0,
        0,
        0,
        0,
        0,
        0
      ],
      "parameters": {
        "commit": "base"
      },
      "network": "mainnet-default-uninstrumented"
    },
    {
      "command": "head (c28a6ad94e7f7330afaae16637e0045a3e79e766)",
      "mean": 1516.00919531574,
      "stddev": 14.171700108427244,
      "median": 1517.9120119692402,
      "user": 1260.5217871200002,
      "system": 224.5802035933333,
      "min": 1496.50873539874,
      "max": 1532.2356249327402,
      "times": [
        1532.2356249327402,
        1496.50873539874,
        1503.37498031874,
        1528.11180730574,
        1522.77423557174,
        1513.0497883667401
      ],
      "exit_codes": [
        0,
        0,
        0,
        0,
        0,
        0
      ],
      "parameters": {
        "commit": "head"
      },
      "network": "mainnet-default-uninstrumented"
    },
    {
      "command": "base (7cabf2b318cc00277612c2eca81e0e1611d32d65)",
      "mean": 1038.90535988948,
      "stddev": 4.376476513271395,
      "median": 1040.62246331298,
      "user": 902.2285683733334,
      "system": 114.03172041333333,
      "min": 1032.92762829148,
      "max": 1042.8849671824798,
      "times": [
        1033.9284523004799,
        1041.3271776504798,
        1039.91774897548,
        1042.44618493648,
        1032.92762829148,
        1042.8849671824798
      ],
      "exit_codes": [
        0,
        0,
        0,
        0,
        0,
        0
      ],
      "parameters": {
        "commit": "base"
      },
      "network": "mainnet-large-uninstrumented"
    },
    {
      "command": "head (c28a6ad94e7f7330afaae16637e0045a3e79e766)",
      "mean": 1036.9156263243133,
      "stddev": 11.400043196563935,
      "median": 1032.08212628098,
      "user": 898.7521867066666,
      "system": 112.60894658,
      "min": 1029.75344531348,
      "max": 1059.5436339774799,
      "times": [
        1033.19553457748,
        1059.5436339774799,
        1030.96871798448,
        1029.75344531348,
        1030.8175132234799,
        1037.21491286948
      ],
      "exit_codes": [
        0,
        0,
        0,
        0,
        0,
        0
      ],
      "parameters": {
        "commit": "head"
      },
      "network": "mainnet-large-uninstrumented"
    }
  ],
  "speedups": {
    "mainnet-default-uninstrumented": "0.2",
    "mainnet-large-uninstrumented": "0.2"
  }
}