{
  "results": [
    {
      "command": "base (dc2cad0971408a9c38d1b28f7cd2cfc0c038712b)",
      "mean": 17.5708300409,
      "stddev": null,
      "median": 17.5708300409,
      "user": 2.5110946199999997,
      "system": 0.7260040799999999,
      "min": 17.5708300409,
      "max": 17.5708300409,
      "times": [
        17.5708300409
      ],
      "exit_codes": [
        0
      ],
      "parameters": {
        "commit": "dc2cad0971408a9c38d1b28f7cd2cfc0c038712b"
      },
      "network": "signet"
    },
    {
      "command": "head (e6aa1d1ef9de148ea1a7f33bafced3ca5958b14a)",
      "mean": 17.5485084199,
      "stddev": null,
      "median": 17.5485084199,
      "user": 2.5444226199999997,
      "system": 0.73718108,
      "min": 17.5485084199,
      "max": 17.5485084199,
      "times": [
        17.5485084199
      ],
      "exit_codes": [
        0
      ],
      "parameters": {
        "commit": "e6aa1d1ef9de148ea1a7f33bafced3ca5958b14a"
      },
      "network": "signet"
    },
    {
      "command": "base (dc2cad0971408a9c38d1b28f7cd2cfc0c038712b)",
      "mean": 866.5604978114801,
      "stddev": null,
      "median": 866.5604978114801,
      "user": 926.81954172,
      "system": 449.08395604,
      "min": 866.5604978114801,
      "max": 866.5604978114801,
      "times": [
        866.5604978114801
      ],
      "exit_codes": [
        0
      ],
      "parameters": {
        "commit": "dc2cad0971408a9c38d1b28f7cd2cfc0c038712b"
      },
      "network": "mainnet"
    },
    {
      "command": "head (e6aa1d1ef9de148ea1a7f33bafced3ca5958b14a)",
      "mean": 874.08169104548,
      "stddev": null,
      "median": 874.08169104548,
      "user": 933.2500387199999,
      "system": 454.29618903999994,
      "min": 874.08169104548,
      "max": 874.08169104548,
      "times": [
        874.08169104548
      ],
      "exit_codes": [
        0
      ],
      "parameters": {
        "commit": "e6aa1d1ef9de148ea1a7f33bafced3ca5958b14a"
      },
      "network": "mainnet"
    }
  ]
}