{
  "results": [
    {
      "command": "perf script flamegraph build/src/bitcoind -datadir=$TMP_DATADIR -connect=148.251.128.115:55555 -daemon=0 -signet -stopatheight=170000",
      "mean": 17.40147779448,
      "stddev": null,
      "median": 17.40147779448,
      "user": 2.5033256199999996,
      "system": 0.59979056,
      "min": 17.40147779448,
      "max": 17.40147779448,
      "times": [
        17.40147779448
      ],
      "exit_codes": [
        0
      ],
      "parameters": {
        "commit": "6a09409facbd682a57fb7d80f850f5bf54ebc98e"
      }
    },
    {
      "command": "perf script flamegraph build/src/bitcoind -datadir=$TMP_DATADIR -connect=148.251.128.115:55555 -daemon=0 -signet -stopatheight=170000",
      "mean": 17.39662140148,
      "stddev": null,
      "median": 17.39662140148,
      "user": 2.53288462,
      "system": 0.67419456,
      "min": 17.39662140148,
      "max": 17.39662140148,
      "times": [
        17.39662140148
      ],
      "exit_codes": [
        0
      ],
      "parameters": {
        "commit": "7ec16522bb232728177b01aa55ee79396436580b"
      }
    }
  ]
}
