{
  "results": [
    {
      "command": "base (05e31826e2462a2a998ae964ff64411fb0b332f0)",
      "mean": 393.81395113696,
      "stddev": null,
      "median": 393.81395113696,
      "user": 452.94510751999997,
      "system": 51.51211716,
      "min": 393.81395113696,
      "max": 393.81395113696,
      "times": [
        393.81395113696
      ],
      "exit_codes": [
        0
      ],
      "parameters": {
        "commit": "05e31826e2462a2a998ae964ff64411fb0b332f0"
      },
      "network": "mainnet"
    },
    {
      "command": "head (32281da3085a7ff32ae660e54d7c3611de9a4e8e)",
      "mean": 377.60104637996,
      "stddev": null,
      "median": 377.60104637996,
      "user": 450.82398952,
      "system": 47.27509216,
      "min": 377.60104637996,
      "max": 377.60104637996,
      "times": [
        377.60104637996
      ],
      "exit_codes": [
        0
      ],
      "parameters": {
        "commit": "32281da3085a7ff32ae660e54d7c3611de9a4e8e"
      },
      "network": "mainnet"
    },
    {
      "command": "base (05e31826e2462a2a998ae964ff64411fb0b332f0)",
      "mean": 25.13707298468,
      "stddev": null,
      "median": 25.13707298468,
      "user": 2.61733278,
      "system": 0.77357574,
      "min": 25.13707298468,
      "max": 25.13707298468,
      "times": [
        25.13707298468
      ],
      "exit_codes": [
        0
      ],
      "parameters": {
        "commit": "05e31826e2462a2a998ae964ff64411fb0b332f0"
      },
      "network": "signet"
    },
    {
      "command": "head (32281da3085a7ff32ae660e54d7c3611de9a4e8e)",
      "mean": 25.20421366768,
      "stddev": null,
      "median": 25.20421366768,
      "user": 2.46751878,
      "system": 0.8263127399999999,
      "min": 25.20421366768,
      "max": 25.20421366768,
      "times": [
        25.20421366768
      ],
      "exit_codes": [
        0
      ],
      "parameters": {
        "commit": "32281da3085a7ff32ae660e54d7c3611de9a4e8e"
      },
      "network": "signet"
    }
  ]
}