{
  "results": [
    {
      "command": "build/src/bitcoind -datadir=$TMP_DATADIR -connect=148.251.128.115:55555 -daemon=0 -signet -stopatheight=170000",
      "mean": 17.23220404826,
      "stddev": null,
      "median": 17.23220404826,
      "user": 2.1436526799999998,
      "system": 0.5783485199999999,
      "min": 17.23220404826,
      "max": 17.23220404826,
      "times": [
        17.23220404826
      ],
      "exit_codes": [
        0
      ],
      "parameters": {
        "commit": "6a09409facbd682a57fb7d80f850f5bf54ebc98e"
      }
    },
    {
      "command": "build/src/bitcoind -datadir=$TMP_DATADIR -connect=148.251.128.115:55555 -daemon=0 -signet -stopatheight=170000",
      "mean": 17.33369899426,
      "stddev": null,
      "median": 17.33369899426,
      "user": 2.2525606799999998,
      "system": 0.56971352,
      "min": 17.33369899426,
      "max": 17.33369899426,
      "times": [
        17.33369899426
      ],
      "exit_codes": [
        0
      ],
      "parameters": {
        "commit": "e398289370f85d96884e816591838ae9abda1c13"
      }
    }
  ]
}
