{
  "results": [
    {
      "command": "base (e29d2412eea7c5db366b7a5e6a2ebccb76879b34)",
      "mean": 470.11243481536,
      "stddev": null,
      "median": 470.11243481536,
      "user": 660.33229028,
      "system": 122.62179866,
      "min": 470.11243481536,
      "max": 470.11243481536,
      "times": [
        470.11243481536
      ],
      "exit_codes": [
        0
      ],
      "parameters": {
        "commit": "e29d2412eea7c5db366b7a5e6a2ebccb76879b34"
      },
      "network": "mainnet"
    },
    {
      "command": "head (c75829d5ea7e13573d39254a20adde9df1f03f24)",
      "mean": 480.14140614636,
      "stddev": null,
      "median": 480.14140614636,
      "user": 664.71852928,
      "system": 114.37070865999999,
      "min": 480.14140614636,
      "max": 480.14140614636,
      "times": [
        480.14140614636
      ],
      "exit_codes": [
        0
      ],
      "parameters": {
        "commit": "c75829d5ea7e13573d39254a20adde9df1f03f24"
      },
      "network": "mainnet"
    },
    {
      "command": "base (e29d2412eea7c5db366b7a5e6a2ebccb76879b34)",
      "mean": 17.38117629712,
      "stddev": null,
      "median": 17.38117629712,
      "user": 2.24859054,
      "system": 0.79048104,
      "min": 17.38117629712,
      "max": 17.38117629712,
      "times": [
        17.38117629712
      ],
      "exit_codes": [
        0
      ],
      "parameters": {
        "commit": "e29d2412eea7c5db366b7a5e6a2ebccb76879b34"
      },
      "network": "signet"
    },
    {
      "command": "head (c75829d5ea7e13573d39254a20adde9df1f03f24)",
      "mean": 17.43897027812,
      "stddev": null,
      "median": 17.43897027812,
      "user": 2.1995355400000003,
      "system": 0.79905204,
      "min": 17.43897027812,
      "max": 17.43897027812,
      "times": [
        17.43897027812
      ],
      "exit_codes": [
        0
      ],
      "parameters": {
        "commit": "c75829d5ea7e13573d39254a20adde9df1f03f24"
      },
      "network": "signet"
    }
  ]
}