{
  "results": [
    {
      "command": "base (0ceefb0062d5829efc19b0c8caa8f08d52e24aa1)",
      "mean": 428.8374526362,
      "stddev": null,
      "median": 428.8374526362,
      "user": 634.77449528,
      "system": 121.93198914,
      "min": 428.8374526362,
      "max": 428.8374526362,
      "times": [
        428.8374526362
      ],
      "exit_codes": [
        0
      ],
      "parameters": {
        "commit": "0ceefb0062d5829efc19b0c8caa8f08d52e24aa1"
      },
      "network": "mainnet"
    },
    {
      "command": "head (5159da06d0047eec240ad940094c6576e681aaf0)",
      "mean": 439.2197858372,
      "stddev": null,
      "median": 439.2197858372,
      "user": 642.8297672799999,
      "system": 124.72979314,
      "min": 439.2197858372,
      "max": 439.2197858372,
      "times": [
        439.2197858372
      ],
      "exit_codes": [
        0
      ],
      "parameters": {
        "commit": "5159da06d0047eec240ad940094c6576e681aaf0"
      },
      "network": "mainnet"
    },
    {
      "command": "base (0ceefb0062d5829efc19b0c8caa8f08d52e24aa1)",
      "mean": 17.473844237119998,
      "stddev": null,
      "median": 17.473844237119998,
      "user": 2.57901844,
      "system": 0.87265624,
      "min": 17.473844237119998,
      "max": 17.473844237119998,
      "times": [
        17.473844237119998
      ],
      "exit_codes": [
        0
      ],
      "parameters": {
        "commit": "0ceefb0062d5829efc19b0c8caa8f08d52e24aa1"
      },
      "network": "signet"
    },
    {
      "command": "head (5159da06d0047eec240ad940094c6576e681aaf0)",
      "mean": 17.40781213212,
      "stddev": null,
      "median": 17.40781213212,
      "user": 2.6588984399999998,
      "system": 0.77885924,
      "min": 17.40781213212,
      "max": 17.40781213212,
      "times": [
        17.40781213212
      ],
      "exit_codes": [
        0
      ],
      "parameters": {
        "commit": "5159da06d0047eec240ad940094c6576e681aaf0"
      },
      "network": "signet"
    }
  ]
}