{
  "results": [
    {
      "command": "base (0ceefb0062d5829efc19b0c8caa8f08d52e24aa1)",
      "mean": 442.69198276971997,
      "stddev": null,
      "median": 442.69198276971997,
      "user": 628.0128255,
      "system": 118.77221516,
      "min": 442.69198276971997,
      "max": 442.69198276971997,
      "times": [
        442.69198276971997
      ],
      "exit_codes": [
        0
      ],
      "parameters": {
        "commit": "0ceefb0062d5829efc19b0c8caa8f08d52e24aa1"
      },
      "network": "mainnet"
    },
    {
      "command": "head (aa6e5688561ea362bf1fbad2cc53973cc0ef1125)",
      "mean": 448.60285141471996,
      "stddev": null,
      "median": 448.60285141471996,
      "user": 620.2809195,
      "system": 120.92993016,
      "min": 448.60285141471996,
      "max": 448.60285141471996,
      "times": [
        448.60285141471996
      ],
      "exit_codes": [
        0
      ],
      "parameters": {
        "commit": "aa6e5688561ea362bf1fbad2cc53973cc0ef1125"
      },
      "network": "mainnet"
    },
    {
      "command": "base (0ceefb0062d5829efc19b0c8caa8f08d52e24aa1)",
      "mean": 17.51145184768,
      "stddev": null,
      "median": 17.51145184768,
      "user": 2.6542166199999997,
      "system": 0.82683942,
      "min": 17.51145184768,
      "max": 17.51145184768,
      "times": [
        17.51145184768
      ],
      "exit_codes": [
        0
      ],
      "parameters": {
        "commit": "0ceefb0062d5829efc19b0c8caa8f08d52e24aa1"
      },
      "network": "signet"
    },
    {
      "command": "head (aa6e5688561ea362bf1fbad2cc53973cc0ef1125)",
      "mean": 17.40762570768,
      "stddev": null,
      "median": 17.40762570768,
      "user": 2.6494956199999997,
      "system": 0.83259742,
      "min": 17.40762570768,
      "max": 17.40762570768,
      "times": [
        17.40762570768
      ],
      "exit_codes": [
        0
      ],
      "parameters": {
        "commit": "aa6e5688561ea362bf1fbad2cc53973cc0ef1125"
      },
      "network": "signet"
    }
  ]
}