{
  "results": [
    {
      "command": "perf script flamegraph build/src/bitcoind -datadir=$TMP_DATADIR -connect=148.251.128.115:55555 -daemon=0 -signet -stopatheight=170000",
      "mean": 17.46167062974,
      "stddev": null,
      "median": 17.46167062974,
      "user": 2.4909553,
      "system": 0.6990019799999999,
      "min": 17.46167062974,
      "max": 17.46167062974,
      "times": [
        17.46167062974
      ],
      "exit_codes": [
        0
      ],
      "parameters": {
        "commit": "70e9b55794a9c4241f64eeb39bd34ee37c872b85"
      }
    },
    {
      "command": "perf script flamegraph build/src/bitcoind -datadir=$TMP_DATADIR -connect=148.251.128.115:55555 -daemon=0 -signet -stopatheight=170000",
      "mean": 17.413255129739998,
      "stddev": null,
      "median": 17.413255129739998,
      "user": 2.5439803,
      "system": 0.6533659799999999,
      "min": 17.413255129739998,
      "max": 17.413255129739998,
      "times": [
        17.413255129739998
      ],
      "exit_codes": [
        0
      ],
      "parameters": {
        "commit": "5fbef9808bd5c6ada515932b6c2ce9a2a7c8ebba"
      }
    }
  ]
}
