{
  "results": [
    {
      "command": "perf script flamegraph build/src/bitcoind -datadir=$TMP_DATADIR -connect=148.251.128.115:55555 -daemon=0 -signet -stopatheight=170000",
      "mean": 17.26285472736,
      "stddev": null,
      "median": 17.26285472736,
      "user": 2.5197511799999996,
      "system": 0.63810984,
      "min": 17.26285472736,
      "max": 17.26285472736,
      "times": [
        17.26285472736
      ],
      "exit_codes": [
        0
      ],
      "parameters": {
        "commit": "a881241206790aa775ad1fa3eba56a32b585258e"
      }
    },
    {
      "command": "perf script flamegraph build/src/bitcoind -datadir=$TMP_DATADIR -connect=148.251.128.115:55555 -daemon=0 -signet -stopatheight=170000",
      "mean": 0.77640118236,
      "stddev": null,
      "median": 0.77640118236,
      "user": 0.6057221799999999,
      "system": 0.07327284,
      "min": 0.77640118236,
      "max": 0.77640118236,
      "times": [
        0.77640118236
      ],
      "exit_codes": [
        0
      ],
      "parameters": {
        "commit": "fdaa9dbbde289e185c2d229d358c4abcca9c6219"
      }
    }
  ]
}
