{
  "results": [
    {
      "command": "base (dc2cad0971408a9c38d1b28f7cd2cfc0c038712b)",
      "mean": 17.5317849075,
      "stddev": null,
      "median": 17.5317849075,
      "user": 2.54754294,
      "system": 0.73100624,
      "min": 17.5317849075,
      "max": 17.5317849075,
      "times": [
        17.5317849075
      ],
      "exit_codes": [
        0
      ],
      "parameters": {
        "commit": "dc2cad0971408a9c38d1b28f7cd2cfc0c038712b"
      },
      "network": "signet"
    },
    {
      "command": "head (7d6ef458344b6a3764a27b4717764243eebc6c07)",
      "mean": 17.4343903845,
      "stddev": null,
      "median": 17.4343903845,
      "user": 2.50385094,
      "system": 0.71973524,
      "min": 17.4343903845,
      "max": 17.4343903845,
      "times": [
        17.4343903845
      ],
      "exit_codes": [
        0
      ],
      "parameters": {
        "commit": "7d6ef458344b6a3764a27b4717764243eebc6c07"
      },
      "network": "signet"
    },
    {
      "command": "base (dc2cad0971408a9c38d1b28f7cd2cfc0c038712b)",
      "mean": 861.17607981396,
      "stddev": null,
      "median": 861.17607981396,
      "user": 915.24835228,
      "system": 450.52761472,
      "min": 861.17607981396,
      "max": 861.17607981396,
      "times": [
        861.17607981396
      ],
      "exit_codes": [
        0
      ],
      "parameters": {
        "commit": "dc2cad0971408a9c38d1b28f7cd2cfc0c038712b"
      },
      "network": "mainnet"
    },
    {
      "command": "head (7d6ef458344b6a3764a27b4717764243eebc6c07)",
      "mean": 858.95689664196,
      "stddev": null,
      "median": 858.95689664196,
      "user": 939.89239228,
      "system": 450.06858972,
      "min": 858.95689664196,
      "max": 858.95689664196,
      "times": [
        858.95689664196
      ],
      "exit_codes": [
        0
      ],
      "parameters": {
        "commit": "7d6ef458344b6a3764a27b4717764243eebc6c07"
      },
      "network": "mainnet"
    }
  ]
}