{
  "results": [
    {
      "command": "perf script flamegraph build/src/bitcoind -datadir=$TMP_DATADIR -connect=148.251.128.115:55555 -daemon=0 -signet -stopatheight=170000",
      "mean": 17.37800364118,
      "stddev": null,
      "median": 17.37800364118,
      "user": 2.48480576,
      "system": 0.6965104799999999,
      "min": 17.37800364118,
      "max": 17.37800364118,
      "times": [
        17.37800364118
      ],
      "exit_codes": [
        0
      ],
      "parameters": {
        "commit": "e1d0201840cfd4ce0568c4f54f40c19cb1dc68f0"
      }
    },
    {
      "command": "perf script flamegraph build/src/bitcoind -datadir=$TMP_DATADIR -connect=148.251.128.115:55555 -daemon=0 -signet -stopatheight=170000",
      "mean": 0.7850887081800001,
      "stddev": null,
      "median": 0.7850887081800001,
      "user": 0.60170876,
      "system": 0.08470848,
      "min": 0.7850887081800001,
      "max": 0.7850887081800001,
      "times": [
        0.7850887081800001
      ],
      "exit_codes": [
        0
      ],
      "parameters": {
        "commit": "5c990f5492f8a86625e1d69ec820bfc8a87654d1"
      }
    }
  ]
}
