{
  "results": [
    {
      "command": "base (0dca1417990f9ab7e6b3197cd144dcea51886c77)",
      "mean": 444.59508538522,
      "stddev": null,
      "median": 444.59508538522,
      "user": 634.84856178,
      "system": 124.98716978,
      "min": 444.59508538522,
      "max": 444.59508538522,
      "times": [
        444.59508538522
      ],
      "exit_codes": [
        0
      ],
      "parameters": {
        "commit": "0dca1417990f9ab7e6b3197cd144dcea51886c77"
      },
      "network": "mainnet"
    },
    {
      "command": "head (6277ed2b9f245cb0e5a9e8e09e6092fb9c0ca210)",
      "mean": 328.85649535522,
      "stddev": null,
      "median": 328.85649535522,
      "user": 684.35413378,
      "system": 123.50090078,
      "min": 328.85649535522,
      "max": 328.85649535522,
      "times": [
        328.85649535522
      ],
      "exit_codes": [
        0
      ],
      "parameters": {
        "commit": "6277ed2b9f245cb0e5a9e8e09e6092fb9c0ca210"
      },
      "network": "mainnet"
    }
  ]
}