{
  "results": [
    {
      "command": "perf script flamegraph build/src/bitcoind -datadir=$TMP_DATADIR -connect=148.251.128.115:55555 -daemon=0 -signet -stopatheight=170000",
      "mean": 17.34270162464,
      "stddev": null,
      "median": 17.34270162464,
      "user": 2.47704356,
      "system": 0.6968624800000001,
      "min": 17.34270162464,
      "max": 17.34270162464,
      "times": [
        17.34270162464
      ],
      "exit_codes": [
        0
      ],
      "parameters": {
        "commit": "5138706e970ecebdbe185f95fbfe31a6a979c86a"
      }
    },
    {
      "command": "perf script flamegraph build/src/bitcoind -datadir=$TMP_DATADIR -connect=148.251.128.115:55555 -daemon=0 -signet -stopatheight=170000",
      "mean": 0.78802072964,
      "stddev": null,
      "median": 0.78802072964,
      "user": 0.59530756,
      "system": 0.09530647999999999,
      "min": 0.78802072964,
      "max": 0.78802072964,
      "times": [
        0.78802072964
      ],
      "exit_codes": [
        0
      ],
      "parameters": {
        "commit": "f74114129dc9399b1969fcaa65a73ffa91db9567"
      }
    }
  ]
}
