{
  "results": [
    {
      "command": "base (54c4ad9c38183470e4d41438bab2ee8e623022c4)",
      "mean": 450.85153400027997,
      "stddev": null,
      "median": 450.85153400027997,
      "user": 652.15491362,
      "system": 127.64542134,
      "min": 450.85153400027997,
      "max": 450.85153400027997,
      "times": [
        450.85153400027997
      ],
      "exit_codes": [
        0
      ],
      "parameters": {
        "commit": "54c4ad9c38183470e4d41438bab2ee8e623022c4"
      },
      "network": "mainnet"
    },
    {
      "command": "head (bcbb5aae7742da7f97ecc0b39cc6cbdace244eda)",
      "mean": 393.27483178928,
      "stddev": null,
      "median": 393.27483178928,
      "user": 723.99559462,
      "system": 221.48406633999997,
      "min": 393.27483178928,
      "max": 393.27483178928,
      "times": [
        393.27483178928
      ],
      "exit_codes": [
        0
      ],
      "parameters": {
        "commit": "bcbb5aae7742da7f97ecc0b39cc6cbdace244eda"
      },
      "network": "mainnet"
    }
  ]
}