{
  "results": [
    {
      "command": "base (dc2cad0971408a9c38d1b28f7cd2cfc0c038712b)",
      "mean": 17.476968460680002,
      "stddev": null,
      "median": 17.476968460680002,
      "user": 2.59262938,
      "system": 0.7894387,
      "min": 17.476968460680002,
      "max": 17.476968460680002,
      "times": [
        17.476968460680002
      ],
      "exit_codes": [
        0
      ],
      "parameters": {
        "commit": "dc2cad0971408a9c38d1b28f7cd2cfc0c038712b"
      },
      "network": "signet"
    },
    {
      "command": "head (303a31997fde854dd20b2ef723a2e17fae124485)",
      "mean": 17.40751315568,
      "stddev": null,
      "median": 17.40751315568,
      "user": 2.54310438,
      "system": 0.7379247,
      "min": 17.40751315568,
      "max": 17.40751315568,
      "times": [
        17.40751315568
      ],
      "exit_codes": [
        0
      ],
      "parameters": {
        "commit": "303a31997fde854dd20b2ef723a2e17fae124485"
      },
      "network": "signet"
    },
    {
      "command": "base (dc2cad0971408a9c38d1b28f7cd2cfc0c038712b)",
      "mean": 872.49924315256,
      "stddev": null,
      "median": 872.49924315256,
      "user": 919.2373732,
      "system": 442.4513017,
      "min": 872.49924315256,
      "max": 872.49924315256,
      "times": [
        872.49924315256
      ],
      "exit_codes": [
        0
      ],
      "parameters": {
        "commit": "dc2cad0971408a9c38d1b28f7cd2cfc0c038712b"
      },
      "network": "mainnet"
    },
    {
      "command": "head (303a31997fde854dd20b2ef723a2e17fae124485)",
      "mean": 871.40468060156,
      "stddev": null,
      "median": 871.40468060156,
      "user": 919.9751532,
      "system": 440.2000697,
      "min": 871.40468060156,
      "max": 871.40468060156,
      "times": [
        871.40468060156
      ],
      "exit_codes": [
        0
      ],
      "parameters": {
        "commit": "303a31997fde854dd20b2ef723a2e17fae124485"
      },
      "network": "mainnet"
    }
  ]
}