{
  "results": [
    {
      "command": "base (92df3f79bc9236d98563f5b214e6ded977176492)",
      "mean": 459.69986319343997,
      "stddev": null,
      "median": 459.69986319343997,
      "user": 670.48444048,
      "system": 128.92379322,
      "min": 459.69986319343997,
      "max": 459.69986319343997,
      "times": [
        459.69986319343997
      ],
      "exit_codes": [
        0
      ],
      "parameters": {
        "commit": "92df3f79bc9236d98563f5b214e6ded977176492"
      },
      "network": "mainnet"
    },
    {
      "command": "head (342a2787337f201899f4c6732d929af0b56d5c61)",
      "mean": 461.28202323444,
      "stddev": null,
      "median": 461.28202323444,
      "user": 673.18742148,
      "system": 113.41316322,
      "min": 461.28202323444,
      "max": 461.28202323444,
      "times": [
        461.28202323444
      ],
      "exit_codes": [
        0
      ],
      "parameters": {
        "commit": "342a2787337f201899f4c6732d929af0b56d5c61"
      },
      "network": "mainnet"
    },
    {
      "command": "base (92df3f79bc9236d98563f5b214e6ded977176492)",
      "mean": 25.03334418024,
      "stddev": null,
      "median": 25.03334418024,
      "user": 2.26454626,
      "system": 0.76869566,
      "min": 25.03334418024,
      "max": 25.03334418024,
      "times": [
        25.03334418024
      ],
      "exit_codes": [
        0
      ],
      "parameters": {
        "commit": "92df3f79bc9236d98563f5b214e6ded977176492"
      },
      "network": "signet"
    },
    {
      "command": "head (342a2787337f201899f4c6732d929af0b56d5c61)",
      "mean": 25.05979898024,
      "stddev": null,
      "median": 25.05979898024,
      "user": 2.2181632600000003,
      "system": 0.77462666,
      "min": 25.05979898024,
      "max": 25.05979898024,
      "times": [
        25.05979898024
      ],
      "exit_codes": [
        0
      ],
      "parameters": {
        "commit": "342a2787337f201899f4c6732d929af0b56d5c61"
      },
      "network": "signet"
    }
  ]
}