{
  "results": [
    {
      "command": "perf script flamegraph build/src/bitcoind -datadir=$TMP_DATADIR -connect=148.251.128.115:55555 -daemon=0 -signet -stopatheight=170000",
      "mean": 17.40443855654,
      "stddev": null,
      "median": 17.40443855654,
      "user": 2.4466992399999996,
      "system": 0.6526684399999999,
      "min": 17.40443855654,
      "max": 17.40443855654,
      "times": [
        17.40443855654
      ],
      "exit_codes": [
        0
      ],
      "parameters": {
        "commit": "6a09409facbd682a57fb7d80f850f5bf54ebc98e"
      }
    },
    {
      "command": "perf script flamegraph build/src/bitcoind -datadir=$TMP_DATADIR -connect=148.251.128.115:55555 -daemon=0 -signet -stopatheight=170000",
      "mean": 17.39855679854,
      "stddev": null,
      "median": 17.39855679854,
      "user": 2.5347282399999997,
      "system": 0.6690424399999999,
      "min": 17.39855679854,
      "max": 17.39855679854,
      "times": [
        17.39855679854
      ],
      "exit_codes": [
        0
      ],
      "parameters": {
        "commit": "21cb779291e1e977173a70725428a02b3e6ff4d0"
      }
    }
  ]
}
