{
  "results": [
    {
      "command": "perf script flamegraph build/src/bitcoind -datadir=$TMP_DATADIR -connect=148.251.128.115:55555 -daemon=0 -signet -stopatheight=170000",
      "mean": 17.506247735720002,
      "stddev": null,
      "median": 17.506247735720002,
      "user": 2.5236001999999997,
      "system": 0.67209326,
      "min": 17.506247735720002,
      "max": 17.506247735720002,
      "times": [
        17.506247735720002
      ],
      "exit_codes": [
        0
      ],
      "parameters": {
        "commit": "36592d1ea998858316cabf95419a552c2c67ff76"
      }
    },
    {
      "command": "perf script flamegraph build/src/bitcoind -datadir=$TMP_DATADIR -connect=148.251.128.115:55555 -daemon=0 -signet -stopatheight=170000",
      "mean": 17.508910409720002,
      "stddev": null,
      "median": 17.508910409720002,
      "user": 2.5012651999999997,
      "system": 0.67121126,
      "min": 17.508910409720002,
      "max": 17.508910409720002,
      "times": [
        17.508910409720002
      ],
      "exit_codes": [
        0
      ],
      "parameters": {
        "commit": "ce4f057ef0014b0ea929fa90c3d2982212e1518f"
      }
    }
  ]
}
