{
  "results": [
    {
      "command": "base (e9a3b76c4740fd26ae6805698844f9febaca6681)",
      "mean": 25.20551715926,
      "stddev": null,
      "median": 25.20551715926,
      "user": 2.6533702200000002,
      "system": 0.72462472,
      "min": 25.20551715926,
      "max": 25.20551715926,
      "times": [
        25.20551715926
      ],
      "exit_codes": [
        0
      ],
      "parameters": {
        "commit": "e9a3b76c4740fd26ae6805698844f9febaca6681"
      },
      "network": "signet"
    },
    {
      "command": "head (160c5a820b07f656a6333383bfe69e2a09361520)",
      "mean": 25.24615635226,
      "stddev": null,
      "median": 25.24615635226,
      "user": 2.63099222,
      "system": 0.73492472,
      "min": 25.24615635226,
      "max": 25.24615635226,
      "times": [
        25.24615635226
      ],
      "exit_codes": [
        0
      ],
      "parameters": {
        "commit": "160c5a820b07f656a6333383bfe69e2a09361520"
      },
      "network": "signet"
    },
    {
      "command": "base (e9a3b76c4740fd26ae6805698844f9febaca6681)",
      "mean": 858.84273770764,
      "stddev": null,
      "median": 858.84273770764,
      "user": 932.7922847199999,
      "system": 452.66512974,
      "min": 858.84273770764,
      "max": 858.84273770764,
      "times": [
        858.84273770764
      ],
      "exit_codes": [
        0
      ],
      "parameters": {
        "commit": "e9a3b76c4740fd26ae6805698844f9febaca6681"
      },
      "network": "mainnet"
    },
    {
      "command": "head (160c5a820b07f656a6333383bfe69e2a09361520)",
      "mean": 857.87049354564,
      "stddev": null,
      "median": 857.87049354564,
      "user": 935.9327257199999,
      "system": 453.13269474,
      "min": 857.87049354564,
      "max": 857.87049354564,
      "times": [
        857.87049354564
      ],
      "exit_codes": [
        0
      ],
      "parameters": {
        "commit": "160c5a820b07f656a6333383bfe69e2a09361520"
      },
      "network": "mainnet"
    }
  ]
}