{
  "results": [
    {
      "command": "perf script flamegraph build/src/bitcoind -datadir=$TMP_DATADIR -connect=148.251.128.115:55555 -daemon=0 -signet -stopatheight=170000",
      "mean": 17.3930141256,
      "stddev": null,
      "median": 17.3930141256,
      "user": 2.39984166,
      "system": 0.67700792,
      "min": 17.3930141256,
      "max": 17.3930141256,
      "times": [
        17.3930141256
      ],
      "exit_codes": [
        0
      ],
      "parameters": {
        "commit": "6a09409facbd682a57fb7d80f850f5bf54ebc98e"
      }
    },
    {
      "command": "perf script flamegraph build/src/bitcoind -datadir=$TMP_DATADIR -connect=148.251.128.115:55555 -daemon=0 -signet -stopatheight=170000",
      "mean": 17.3219138816,
      "stddev": null,
      "median": 17.3219138816,
      "user": 2.53346166,
      "system": 0.67235492,
      "min": 17.3219138816,
      "max": 17.3219138816,
      "times": [
        17.3219138816
      ],
      "exit_codes": [
        0
      ],
      "parameters": {
        "commit": "3f8a9e396f8c2876a9980a16f19bccfafc2320ad"
      }
    }
  ]
}
