{
  "results": [
    {
      "command": "build/src/bitcoind -datadir=$TMP_DATADIR -connect=148.251.128.115:55555 -daemon=0 -signet -stopatheight=170000",
      "mean": 17.21860574436,
      "stddev": null,
      "median": 17.21860574436,
      "user": 2.167366,
      "system": 0.57496106,
      "min": 17.21860574436,
      "max": 17.21860574436,
      "times": [
        17.21860574436
      ],
      "exit_codes": [
        0
      ],
      "parameters": {
        "commit": "6a09409facbd682a57fb7d80f850f5bf54ebc98e"
      }
    },
    {
      "command": "build/src/bitcoind -datadir=$TMP_DATADIR -connect=148.251.128.115:55555 -daemon=0 -signet -stopatheight=170000",
      "mean": 17.23015815436,
      "stddev": null,
      "median": 17.23015815436,
      "user": 2.167941,
      "system": 0.57248006,
      "min": 17.23015815436,
      "max": 17.23015815436,
      "times": [
        17.23015815436
      ],
      "exit_codes": [
        0
      ],
      "parameters": {
        "commit": "7e09c3fd3b134324256af5329ff8ee3740cc7279"
      }
    }
  ]
}
