{
  "results": [
    {
      "command": "base (d158c68b105e1f684733a17c8263ffdc0bfc3cff)",
      "mean": 5.09735942596,
      "stddev": null,
      "median": 5.09735942596,
      "user": 4.29597586,
      "system": 0.63504638,
      "min": 5.09735942596,
      "max": 5.09735942596,
      "times": [
        5.09735942596
      ],
      "exit_codes": [
        0
      ],
      "parameters": {
        "commit": "d158c68b105e1f684733a17c8263ffdc0bfc3cff"
      },
      "network": "mainnet"
    },
    {
      "command": "head (308e2028f9cf0fe29c754414c72c624dbd1a2e57)",
      "mean": 5.11001623596,
      "stddev": null,
      "median": 5.11001623596,
      "user": 4.253994860000001,
      "system": 0.63691138,
      "min": 5.11001623596,
      "max": 5.11001623596,
      "times": [
        5.11001623596
      ],
      "exit_codes": [
        0
      ],
      "parameters": {
        "commit": "308e2028f9cf0fe29c754414c72c624dbd1a2e57"
      },
      "network": "mainnet"
    },
    {
      "command": "base (d158c68b105e1f684733a17c8263ffdc0bfc3cff)",
      "mean": 2.1138048190800003,
      "stddev": null,
      "median": 2.1138048190800003,
      "user": 0.8268998799999999,
      "system": 0.16139984,
      "min": 2.1138048190800003,
      "max": 2.1138048190800003,
      "times": [
        2.1138048190800003
      ],
      "exit_codes": [
        0
      ],
      "parameters": {
        "commit": "d158c68b105e1f684733a17c8263ffdc0bfc3cff"
      },
      "network": "signet"
    },
    {
      "command": "head (308e2028f9cf0fe29c754414c72c624dbd1a2e57)",
      "mean": 2.1128396400800002,
      "stddev": null,
      "median": 2.1128396400800002,
      "user": 0.8262028799999999,
      "system": 0.16945084,
      "min": 2.1128396400800002,
      "max": 2.1128396400800002,
      "times": [
        2.1128396400800002
      ],
      "exit_codes": [
        0
      ],
      "parameters": {
        "commit": "308e2028f9cf0fe29c754414c72c624dbd1a2e57"
      },
      "network": "signet"
    }
  ]
}