{
  "results": [
    {
      "command": "base (d158c68b105e1f684733a17c8263ffdc0bfc3cff)",
      "mean": 6.1253597077,
      "stddev": null,
      "median": 6.1253597077,
      "user": 4.32536242,
      "system": 0.62620542,
      "min": 6.1253597077,
      "max": 6.1253597077,
      "times": [
        6.1253597077
      ],
      "exit_codes": [
        0
      ],
      "parameters": {
        "commit": "d158c68b105e1f684733a17c8263ffdc0bfc3cff"
      },
      "network": "mainnet"
    },
    {
      "command": "head (7c8e56535993efb3346f3358b07605dd2d7183cf)",
      "mean": 5.1113172207,
      "stddev": null,
      "median": 5.1113172207,
      "user": 4.28921842,
      "system": 0.64003342,
      "min": 5.1113172207,
      "max": 5.1113172207,
      "times": [
        5.1113172207
      ],
      "exit_codes": [
        0
      ],
      "parameters": {
        "commit": "7c8e56535993efb3346f3358b07605dd2d7183cf"
      },
      "network": "mainnet"
    },
    {
      "command": "base (d158c68b105e1f684733a17c8263ffdc0bfc3cff)",
      "mean": 2.1162436480199998,
      "stddev": null,
      "median": 2.1162436480199998,
      "user": 0.8175557,
      "system": 0.1809258,
      "min": 2.1162436480199998,
      "max": 2.1162436480199998,
      "times": [
        2.1162436480199998
      ],
      "exit_codes": [
        0
      ],
      "parameters": {
        "commit": "d158c68b105e1f684733a17c8263ffdc0bfc3cff"
      },
      "network": "signet"
    },
    {
      "command": "head (7c8e56535993efb3346f3358b07605dd2d7183cf)",
      "mean": 2.11627068802,
      "stddev": null,
      "median": 2.11627068802,
      "user": 0.8029107,
      "system": 0.1821998,
      "min": 2.11627068802,
      "max": 2.11627068802,
      "times": [
        2.11627068802
      ],
      "exit_codes": [
        0
      ],
      "parameters": {
        "commit": "7c8e56535993efb3346f3358b07605dd2d7183cf"
      },
      "network": "signet"
    }
  ]
}