{
  "results": [
    {
      "command": "base (0ceefb0062d5829efc19b0c8caa8f08d52e24aa1)",
      "mean": 406.78024593994,
      "stddev": null,
      "median": 406.78024593994,
      "user": 686.13374054,
      "system": 144.10702422,
      "min": 406.78024593994,
      "max": 406.78024593994,
      "times": [
        406.78024593994
      ],
      "exit_codes": [
        0
      ],
      "parameters": {
        "commit": "0ceefb0062d5829efc19b0c8caa8f08d52e24aa1"
      },
      "network": "mainnet"
    },
    {
      "command": "head (403b9737926fb5302e0b39f4bd1c1f385e05ea21)",
      "mean": 388.31400617194004,
      "stddev": null,
      "median": 388.31400617194004,
      "user": 662.3713715399999,
      "system": 138.21436422,
      "min": 388.31400617194004,
      "max": 388.31400617194004,
      "times": [
        388.31400617194004
      ],
      "exit_codes": [
        0
      ],
      "parameters": {
        "commit": "403b9737926fb5302e0b39f4bd1c1f385e05ea21"
      },
      "network": "mainnet"
    },
    {
      "command": "base (0ceefb0062d5829efc19b0c8caa8f08d52e24aa1)",
      "mean": 17.3408880521,
      "stddev": null,
      "median": 17.3408880521,
      "user": 2.65101464,
      "system": 0.7912008199999999,
      "min": 17.3408880521,
      "max": 17.3408880521,
      "times": [
        17.3408880521
      ],
      "exit_codes": [
        0
      ],
      "parameters": {
        "commit": "0ceefb0062d5829efc19b0c8caa8f08d52e24aa1"
      },
      "network": "signet"
    },
    {
      "command": "head (403b9737926fb5302e0b39f4bd1c1f385e05ea21)",
      "mean": 17.3718263501,
      "stddev": null,
      "median": 17.3718263501,
      "user": 2.66990564,
      "system": 0.8215318199999999,
      "min": 17.3718263501,
      "max": 17.3718263501,
      "times": [
        17.3718263501
      ],
      "exit_codes": [
        0
      ],
      "parameters": {
        "commit": "403b9737926fb5302e0b39f4bd1c1f385e05ea21"
      },
      "network": "signet"
    }
  ]
}