{
  "results": [
    {
      "command": "base (0ceefb0062d5829efc19b0c8caa8f08d52e24aa1)",
      "mean": 436.49504179246,
      "stddev": null,
      "median": 436.49504179246,
      "user": 639.8839994599999,
      "system": 127.78003512,
      "min": 436.49504179246,
      "max": 436.49504179246,
      "times": [
        436.49504179246
      ],
      "exit_codes": [
        0
      ],
      "parameters": {
        "commit": "0ceefb0062d5829efc19b0c8caa8f08d52e24aa1"
      },
      "network": "mainnet"
    },
    {
      "command": "head (0d4545e596ae5ff200eed39f0af15e15d57d1dc8)",
      "mean": 430.62305710746,
      "stddev": null,
      "median": 430.62305710746,
      "user": 617.49061946,
      "system": 121.96838611999999,
      "min": 430.62305710746,
      "max": 430.62305710746,
      "times": [
        430.62305710746
      ],
      "exit_codes": [
        0
      ],
      "parameters": {
        "commit": "0d4545e596ae5ff200eed39f0af15e15d57d1dc8"
      },
      "network": "mainnet"
    },
    {
      "command": "base (0ceefb0062d5829efc19b0c8caa8f08d52e24aa1)",
      "mean": 17.45557407848,
      "stddev": null,
      "median": 17.45557407848,
      "user": 2.64486602,
      "system": 0.83480902,
      "min": 17.45557407848,
      "max": 17.45557407848,
      "times": [
        17.45557407848
      ],
      "exit_codes": [
        0
      ],
      "parameters": {
        "commit": "0ceefb0062d5829efc19b0c8caa8f08d52e24aa1"
      },
      "network": "signet"
    },
    {
      "command": "head (0d4545e596ae5ff200eed39f0af15e15d57d1dc8)",
      "mean": 17.46876135048,
      "stddev": null,
      "median": 17.46876135048,
      "user": 2.67476402,
      "system": 0.79795402,
      "min": 17.46876135048,
      "max": 17.46876135048,
      "times": [
        17.46876135048
      ],
      "exit_codes": [
        0
      ],
      "parameters": {
        "commit": "0d4545e596ae5ff200eed39f0af15e15d57d1dc8"
      },
      "network": "signet"
    }
  ]
}