{
  "results": [
    {
      "command": "base (d9e4ad8a5c04e7760d1bf36bc85231563fe1ab87)",
      "mean": 17.36608535768,
      "stddev": null,
      "median": 17.36608535768,
      "user": 2.54598566,
      "system": 0.62946014,
      "min": 17.36608535768,
      "max": 17.36608535768,
      "times": [
        17.36608535768
      ],
      "exit_codes": [
        0
      ],
      "parameters": {
        "commit": "d9e4ad8a5c04e7760d1bf36bc85231563fe1ab87"
      }
    },
    {
      "command": "head (94dd78f6ff9b5e86d18c5731f69af4d260570d61)",
      "mean": 17.21543608368,
      "stddev": null,
      "median": 17.21543608368,
      "user": 2.27924866,
      "system": 0.67750214,
      "min": 17.21543608368,
      "max": 17.21543608368,
      "times": [
        17.21543608368
      ],
      "exit_codes": [
        0
      ],
      "parameters": {
        "commit": "94dd78f6ff9b5e86d18c5731f69af4d260570d61"
      }
    }
  ]
}
