{
  "results": [
    {
      "command": "base (e29d2412eea7c5db366b7a5e6a2ebccb76879b34)",
      "mean": 73.8070996915,
      "stddev": null,
      "median": 73.8070996915,
      "user": 21.9667461,
      "system": 3.6608495399999996,
      "min": 73.8070996915,
      "max": 73.8070996915,
      "times": [
        73.8070996915
      ],
      "exit_codes": [
        0
      ],
      "parameters": {
        "commit": "e29d2412eea7c5db366b7a5e6a2ebccb76879b34"
      },
      "network": "signet"
    },
    {
      "command": "head (a69d8910af434ad5346751203fbce7abed2538cd)",
      "mean": 73.1253156905,
      "stddev": null,
      "median": 73.1253156905,
      "user": 20.8661491,
      "system": 3.8456495399999997,
      "min": 73.1253156905,
      "max": 73.1253156905,
      "times": [
        73.1253156905
      ],
      "exit_codes": [
        0
      ],
      "parameters": {
        "commit": "a69d8910af434ad5346751203fbce7abed2538cd"
      },
      "network": "signet"
    }
  ]
}