{
  "results": [
    {
      "command": "base (0ceefb0062d5829efc19b0c8caa8f08d52e24aa1)",
      "mean": 635.70515500956,
      "stddev": null,
      "median": 635.70515500956,
      "user": 4849.35494364,
      "system": 179.90849172,
      "min": 635.70515500956,
      "max": 635.70515500956,
      "times": [
        635.70515500956
      ],
      "exit_codes": [
        0
      ],
      "parameters": {
        "commit": "0ceefb0062d5829efc19b0c8caa8f08d52e24aa1"
      },
      "network": "mainnet"
    },
    {
      "command": "head (0fb8fe9ccbab22309cb63c2a3949a92dea5ba858)",
      "mean": 685.07517434756,
      "stddev": null,
      "median": 685.07517434756,
      "user": 4524.595837639999,
      "system": 247.66019472,
      "min": 685.07517434756,
      "max": 685.07517434756,
      "times": [
        685.07517434756
      ],
      "exit_codes": [
        0
      ],
      "parameters": {
        "commit": "0fb8fe9ccbab22309cb63c2a3949a92dea5ba858"
      },
      "network": "mainnet"
    },
    {
      "command": "base (0ceefb0062d5829efc19b0c8caa8f08d52e24aa1)",
      "mean": 17.40500685376,
      "stddev": null,
      "median": 17.40500685376,
      "user": 4.80604808,
      "system": 1.03991972,
      "min": 17.40500685376,
      "max": 17.40500685376,
      "times": [
        17.40500685376
      ],
      "exit_codes": [
        0
      ],
      "parameters": {
        "commit": "0ceefb0062d5829efc19b0c8caa8f08d52e24aa1"
      },
      "network": "signet"
    },
    {
      "command": "head (0fb8fe9ccbab22309cb63c2a3949a92dea5ba858)",
      "mean": 17.45129722076,
      "stddev": null,
      "median": 17.45129722076,
      "user": 4.66216308,
      "system": 1.06413072,
      "min": 17.45129722076,
      "max": 17.45129722076,
      "times": [
        17.45129722076
      ],
      "exit_codes": [
        0
      ],
      "parameters": {
        "commit": "0fb8fe9ccbab22309cb63c2a3949a92dea5ba858"
      },
      "network": "signet"
    }
  ]
}