{
  "results": [
    {
      "command": "perf script flamegraph build/src/bitcoind -datadir=$TMP_DATADIR -connect=148.251.128.115:55555 -daemon=0 -signet -stopatheight=170000",
      "mean": 17.435332029079998,
      "stddev": null,
      "median": 17.435332029079998,
      "user": 2.38044346,
      "system": 0.68527356,
      "min": 17.435332029079998,
      "max": 17.435332029079998,
      "times": [
        17.435332029079998
      ],
      "exit_codes": [
        0
      ],
      "parameters": {
        "commit": "6a09409facbd682a57fb7d80f850f5bf54ebc98e"
      }
    },
    {
      "command": "perf script flamegraph build/src/bitcoind -datadir=$TMP_DATADIR -connect=148.251.128.115:55555 -daemon=0 -signet -stopatheight=170000",
      "mean": 17.36850965308,
      "stddev": null,
      "median": 17.36850965308,
      "user": 2.53101846,
      "system": 0.65137156,
      "min": 17.36850965308,
      "max": 17.36850965308,
      "times": [
        17.36850965308
      ],
      "exit_codes": [
        0
      ],
      "parameters": {
        "commit": "70d53ba1557685464a7c264b57eab0ff90fb2e51"
      }
    }
  ]
}
