{
  "results": [
    {
      "command": "base (dc2cad0971408a9c38d1b28f7cd2cfc0c038712b)",
      "mean": 17.5813777491,
      "stddev": null,
      "median": 17.5813777491,
      "user": 2.47352608,
      "system": 0.7618761199999999,
      "min": 17.5813777491,
      "max": 17.5813777491,
      "times": [
        17.5813777491
      ],
      "exit_codes": [
        0
      ],
      "parameters": {
        "commit": "dc2cad0971408a9c38d1b28f7cd2cfc0c038712b"
      },
      "network": "signet"
    },
    {
      "command": "head (9b1bedb50e16dcb7ce4fb35ab5c27818aa365e90)",
      "mean": 17.3981441891,
      "stddev": null,
      "median": 17.3981441891,
      "user": 2.46567008,
      "system": 0.72677112,
      "min": 17.3981441891,
      "max": 17.3981441891,
      "times": [
        17.3981441891
      ],
      "exit_codes": [
        0
      ],
      "parameters": {
        "commit": "9b1bedb50e16dcb7ce4fb35ab5c27818aa365e90"
      },
      "network": "signet"
    },
    {
      "command": "base (dc2cad0971408a9c38d1b28f7cd2cfc0c038712b)",
      "mean": 860.67929782646,
      "stddev": null,
      "median": 860.67929782646,
      "user": 926.11057476,
      "system": 442.83739646,
      "min": 860.67929782646,
      "max": 860.67929782646,
      "times": [
        860.67929782646
      ],
      "exit_codes": [
        0
      ],
      "parameters": {
        "commit": "dc2cad0971408a9c38d1b28f7cd2cfc0c038712b"
      },
      "network": "mainnet"
    },
    {
      "command": "head (9b1bedb50e16dcb7ce4fb35ab5c27818aa365e90)",
      "mean": 862.06677910246,
      "stddev": null,
      "median": 862.06677910246,
      "user": 926.06743276,
      "system": 445.81411646,
      "min": 862.06677910246,
      "max": 862.06677910246,
      "times": [
        862.06677910246
      ],
      "exit_codes": [
        0
      ],
      "parameters": {
        "commit": "9b1bedb50e16dcb7ce4fb35ab5c27818aa365e90"
      },
      "network": "mainnet"
    }
  ]
}