{
  "results": [
    {
      "command": "perf script flamegraph build/src/bitcoind -datadir=$TMP_DATADIR -connect=148.251.128.115:55555 -daemon=0 -signet -stopatheight=170000",
      "mean": 17.35499593442,
      "stddev": null,
      "median": 17.35499593442,
      "user": 2.518163,
      "system": 0.6868068999999999,
      "min": 17.35499593442,
      "max": 17.35499593442,
      "times": [
        17.35499593442
      ],
      "exit_codes": [
        0
      ],
      "parameters": {
        "commit": "70e9b55794a9c4241f64eeb39bd34ee37c872b85"
      }
    },
    {
      "command": "perf script flamegraph build/src/bitcoind -datadir=$TMP_DATADIR -connect=148.251.128.115:55555 -daemon=0 -signet -stopatheight=170000",
      "mean": 17.34634480342,
      "stddev": null,
      "median": 17.34634480342,
      "user": 2.5309269999999997,
      "system": 0.6541009,
      "min": 17.34634480342,
      "max": 17.34634480342,
      "times": [
        17.34634480342
      ],
      "exit_codes": [
        0
      ],
      "parameters": {
        "commit": "04b862a388ec76fe9a7a21b45d6c4d2861fc7e5e"
      }
    }
  ]
}
