{
  "results": [
    {
      "command": "base (0ceefb0062d5829efc19b0c8caa8f08d52e24aa1)",
      "mean": 436.63187305016004,
      "stddev": null,
      "median": 436.63187305016004,
      "user": 645.43566702,
      "system": 128.27568226,
      "min": 436.63187305016004,
      "max": 436.63187305016004,
      "times": [
        436.63187305016004
      ],
      "exit_codes": [
        0
      ],
      "parameters": {
        "commit": "0ceefb0062d5829efc19b0c8caa8f08d52e24aa1"
      },
      "network": "mainnet"
    },
    {
      "command": "head (0fefbb64c95532da03069a85a6a59ba234b34ba1)",
      "mean": 465.55871633316,
      "stddev": null,
      "median": 465.55871633316,
      "user": 632.14760802,
      "system": 120.17136326,
      "min": 465.55871633316,
      "max": 465.55871633316,
      "times": [
        465.55871633316
      ],
      "exit_codes": [
        0
      ],
      "parameters": {
        "commit": "0fefbb64c95532da03069a85a6a59ba234b34ba1"
      },
      "network": "mainnet"
    },
    {
      "command": "base (0ceefb0062d5829efc19b0c8caa8f08d52e24aa1)",
      "mean": 17.50441320526,
      "stddev": null,
      "median": 17.50441320526,
      "user": 2.68232138,
      "system": 0.798558,
      "min": 17.50441320526,
      "max": 17.50441320526,
      "times": [
        17.50441320526
      ],
      "exit_codes": [
        0
      ],
      "parameters": {
        "commit": "0ceefb0062d5829efc19b0c8caa8f08d52e24aa1"
      },
      "network": "signet"
    },
    {
      "command": "head (0fefbb64c95532da03069a85a6a59ba234b34ba1)",
      "mean": 17.72347197026,
      "stddev": null,
      "median": 17.72347197026,
      "user": 2.69356238,
      "system": 0.810105,
      "min": 17.72347197026,
      "max": 17.72347197026,
      "times": [
        17.72347197026
      ],
      "exit_codes": [
        0
      ],
      "parameters": {
        "commit": "0fefbb64c95532da03069a85a6a59ba234b34ba1"
      },
      "network": "signet"
    }
  ]
}