{
  "results": [
    {
      "command": "base (d158c68b105e1f684733a17c8263ffdc0bfc3cff)",
      "mean": 4.62009414774,
      "stddev": null,
      "median": 4.62009414774,
      "user": 4.034924779999999,
      "system": 0.6872255199999999,
      "min": 4.62009414774,
      "max": 4.62009414774,
      "times": [
        4.62009414774
      ],
      "exit_codes": [
        0
      ],
      "parameters": {
        "commit": "d158c68b105e1f684733a17c8263ffdc0bfc3cff"
      },
      "network": "mainnet"
    },
    {
      "command": "head (1309283b6158c6e4a743309038ceeda2a03f0985)",
      "mean": 5.00239239074,
      "stddev": null,
      "median": 5.00239239074,
      "user": 3.86139478,
      "system": 0.58103652,
      "min": 5.00239239074,
      "max": 5.00239239074,
      "times": [
        5.00239239074
      ],
      "exit_codes": [
        0
      ],
      "parameters": {
        "commit": "1309283b6158c6e4a743309038ceeda2a03f0985"
      },
      "network": "mainnet"
    },
    {
      "command": "base (d158c68b105e1f684733a17c8263ffdc0bfc3cff)",
      "mean": 1.2153325494,
      "stddev": null,
      "median": 1.2153325494,
      "user": 0.73770452,
      "system": 0.15571232,
      "min": 1.2153325494,
      "max": 1.2153325494,
      "times": [
        1.2153325494
      ],
      "exit_codes": [
        0
      ],
      "parameters": {
        "commit": "d158c68b105e1f684733a17c8263ffdc0bfc3cff"
      },
      "network": "signet"
    },
    {
      "command": "head (1309283b6158c6e4a743309038ceeda2a03f0985)",
      "mean": 1.2072470204,
      "stddev": null,
      "median": 1.2072470204,
      "user": 0.71802952,
      "system": 0.16919732,
      "min": 1.2072470204,
      "max": 1.2072470204,
      "times": [
        1.2072470204
      ],
      "exit_codes": [
        0
      ],
      "parameters": {
        "commit": "1309283b6158c6e4a743309038ceeda2a03f0985"
      },
      "network": "signet"
    }
  ]
}