{
  "results": [
    {
      "command": "base (e9a3b76c4740fd26ae6805698844f9febaca6681)",
      "mean": 25.22766172232,
      "stddev": null,
      "median": 25.22766172232,
      "user": 2.6840073199999996,
      "system": 0.72389618,
      "min": 25.22766172232,
      "max": 25.22766172232,
      "times": [
        25.22766172232
      ],
      "exit_codes": [
        0
      ],
      "parameters": {
        "commit": "e9a3b76c4740fd26ae6805698844f9febaca6681"
      },
      "network": "signet"
    },
    {
      "command": "head (ffd9642e4308a1e21f54e57f8e415071694df918)",
      "mean": 25.199302279319998,
      "stddev": null,
      "median": 25.199302279319998,
      "user": 2.6478393199999997,
      "system": 0.75575718,
      "min": 25.199302279319998,
      "max": 25.199302279319998,
      "times": [
        25.199302279319998
      ],
      "exit_codes": [
        0
      ],
      "parameters": {
        "commit": "ffd9642e4308a1e21f54e57f8e415071694df918"
      },
      "network": "signet"
    },
    {
      "command": "base (e9a3b76c4740fd26ae6805698844f9febaca6681)",
      "mean": 859.69800620692,
      "stddev": null,
      "median": 859.69800620692,
      "user": 933.51396842,
      "system": 460.82931216,
      "min": 859.69800620692,
      "max": 859.69800620692,
      "times": [
        859.69800620692
      ],
      "exit_codes": [
        0
      ],
      "parameters": {
        "commit": "e9a3b76c4740fd26ae6805698844f9febaca6681"
      },
      "network": "mainnet"
    },
    {
      "command": "head (ffd9642e4308a1e21f54e57f8e415071694df918)",
      "mean": 866.2246016909199,
      "stddev": null,
      "median": 866.2246016909199,
      "user": 941.97128742,
      "system": 462.78835716,
      "min": 866.2246016909199,
      "max": 866.2246016909199,
      "times": [
        866.2246016909199
      ],
      "exit_codes": [
        0
      ],
      "parameters": {
        "commit": "ffd9642e4308a1e21f54e57f8e415071694df918"
      },
      "network": "mainnet"
    }
  ]
}