{
  "results": [
    {
      "command": "build/src/bitcoind -datadir=$TMP_DATADIR -connect=148.251.128.115:55555 -daemon=0 -signet -stopatheight=170000",
      "mean": 17.15884560116,
      "stddev": null,
      "median": 17.15884560116,
      "user": 2.2044429,
      "system": 0.5447065999999999,
      "min": 17.15884560116,
      "max": 17.15884560116,
      "times": [
        17.15884560116
      ],
      "exit_codes": [
        0
      ],
      "parameters": {
        "commit": "33c5c4921807b97c2cb8aa896e8aa4de19f421bd"
      }
    },
    {
      "command": "build/src/bitcoind -datadir=$TMP_DATADIR -connect=148.251.128.115:55555 -daemon=0 -signet -stopatheight=170000",
      "mean": 17.15776018216,
      "stddev": null,
      "median": 17.15776018216,
      "user": 2.0446389000000003,
      "system": 0.5241946,
      "min": 17.15776018216,
      "max": 17.15776018216,
      "times": [
        17.15776018216
      ],
      "exit_codes": [
        0
      ],
      "parameters": {
        "commit": "5e352ebb477551f091e2c728902ad9cba0ef60ba"
      }
    }
  ]
}
