{
  "results": [
    {
      "command": "base (e29d2412eea7c5db366b7a5e6a2ebccb76879b34)",
      "mean": 468.4948114221,
      "stddev": null,
      "median": 468.4948114221,
      "user": 648.44360836,
      "system": 122.12053551999999,
      "min": 468.4948114221,
      "max": 468.4948114221,
      "times": [
        468.4948114221
      ],
      "exit_codes": [
        0
      ],
      "parameters": {
        "commit": "e29d2412eea7c5db366b7a5e6a2ebccb76879b34"
      },
      "network": "mainnet"
    },
    {
      "command": "head (841bed53eda461a6061244eedbe573da444ec2b4)",
      "mean": 469.2141750031,
      "stddev": null,
      "median": 469.2141750031,
      "user": 666.44971036,
      "system": 135.19085651999998,
      "min": 469.2141750031,
      "max": 469.2141750031,
      "times": [
        469.2141750031
      ],
      "exit_codes": [
        0
      ],
      "parameters": {
        "commit": "841bed53eda461a6061244eedbe573da444ec2b4"
      },
      "network": "mainnet"
    },
    {
      "command": "base (e29d2412eea7c5db366b7a5e6a2ebccb76879b34)",
      "mean": 17.39815878836,
      "stddev": null,
      "median": 17.39815878836,
      "user": 2.21590026,
      "system": 0.8190972400000001,
      "min": 17.39815878836,
      "max": 17.39815878836,
      "times": [
        17.39815878836
      ],
      "exit_codes": [
        0
      ],
      "parameters": {
        "commit": "e29d2412eea7c5db366b7a5e6a2ebccb76879b34"
      },
      "network": "signet"
    },
    {
      "command": "head (841bed53eda461a6061244eedbe573da444ec2b4)",
      "mean": 17.50519258336,
      "stddev": null,
      "median": 17.50519258336,
      "user": 2.35638826,
      "system": 0.81620324,
      "min": 17.50519258336,
      "max": 17.50519258336,
      "times": [
        17.50519258336
      ],
      "exit_codes": [
        0
      ],
      "parameters": {
        "commit": "841bed53eda461a6061244eedbe573da444ec2b4"
      },
      "network": "signet"
    }
  ]
}