{
  "results": [
    {
      "command": "base (0ceefb0062d5829efc19b0c8caa8f08d52e24aa1)",
      "mean": 444.31812458858,
      "stddev": null,
      "median": 444.31812458858,
      "user": 629.5085186,
      "system": 117.80114744,
      "min": 444.31812458858,
      "max": 444.31812458858,
      "times": [
        444.31812458858
      ],
      "exit_codes": [
        0
      ],
      "parameters": {
        "commit": "0ceefb0062d5829efc19b0c8caa8f08d52e24aa1"
      },
      "network": "mainnet"
    },
    {
      "command": "head (e01574cd7f4ce40f94248665ac829a78faa59340)",
      "mean": 446.53789290957997,
      "stddev": null,
      "median": 446.53789290957997,
      "user": 628.1240945999999,
      "system": 117.47587044,
      "min": 446.53789290957997,
      "max": 446.53789290957997,
      "times": [
        446.53789290957997
      ],
      "exit_codes": [
        0
      ],
      "parameters": {
        "commit": "e01574cd7f4ce40f94248665ac829a78faa59340"
      },
      "network": "mainnet"
    },
    {
      "command": "base (0ceefb0062d5829efc19b0c8caa8f08d52e24aa1)",
      "mean": 17.4923556295,
      "stddev": null,
      "median": 17.4923556295,
      "user": 2.6892100199999995,
      "system": 0.781193,
      "min": 17.4923556295,
      "max": 17.4923556295,
      "times": [
        17.4923556295
      ],
      "exit_codes": [
        0
      ],
      "parameters": {
        "commit": "0ceefb0062d5829efc19b0c8caa8f08d52e24aa1"
      },
      "network": "signet"
    },
    {
      "command": "head (e01574cd7f4ce40f94248665ac829a78faa59340)",
      "mean": 17.3893430655,
      "stddev": null,
      "median": 17.3893430655,
      "user": 2.6263800199999996,
      "system": 0.815059,
      "min": 17.3893430655,
      "max": 17.3893430655,
      "times": [
        17.3893430655
      ],
      "exit_codes": [
        0
      ],
      "parameters": {
        "commit": "e01574cd7f4ce40f94248665ac829a78faa59340"
      },
      "network": "signet"
    }
  ]
}