{
  "results": [
    {
      "command": "base (e29d2412eea7c5db366b7a5e6a2ebccb76879b34)",
      "mean": 465.14204215762,
      "stddev": null,
      "median": 465.14204215762,
      "user": 661.18015166,
      "system": 126.38708851999999,
      "min": 465.14204215762,
      "max": 465.14204215762,
      "times": [
        465.14204215762
      ],
      "exit_codes": [
        0
      ],
      "parameters": {
        "commit": "e29d2412eea7c5db366b7a5e6a2ebccb76879b34"
      },
      "network": "mainnet"
    },
    {
      "command": "head (2656f45fe1f19c7b571e97b1bef31469f3b159f7)",
      "mean": 435.44713652562,
      "stddev": null,
      "median": 435.44713652562,
      "user": 631.6209076600001,
      "system": 116.14846052,
      "min": 435.44713652562,
      "max": 435.44713652562,
      "times": [
        435.44713652562
      ],
      "exit_codes": [
        0
      ],
      "parameters": {
        "commit": "2656f45fe1f19c7b571e97b1bef31469f3b159f7"
      },
      "network": "mainnet"
    },
    {
      "command": "base (e29d2412eea7c5db366b7a5e6a2ebccb76879b34)",
      "mean": 17.41989924124,
      "stddev": null,
      "median": 17.41989924124,
      "user": 2.2647346799999997,
      "system": 0.76703504,
      "min": 17.41989924124,
      "max": 17.41989924124,
      "times": [
        17.41989924124
      ],
      "exit_codes": [
        0
      ],
      "parameters": {
        "commit": "e29d2412eea7c5db366b7a5e6a2ebccb76879b34"
      },
      "network": "signet"
    },
    {
      "command": "head (2656f45fe1f19c7b571e97b1bef31469f3b159f7)",
      "mean": 17.424411849240002,
      "stddev": null,
      "median": 17.424411849240002,
      "user": 2.30805268,
      "system": 0.82501504,
      "min": 17.424411849240002,
      "max": 17.424411849240002,
      "times": [
        17.424411849240002
      ],
      "exit_codes": [
        0
      ],
      "parameters": {
        "commit": "2656f45fe1f19c7b571e97b1bef31469f3b159f7"
      },
      "network": "signet"
    }
  ]
}