{
  "results": [
    {
      "command": "base (54c4ad9c38183470e4d41438bab2ee8e623022c4)",
      "mean": 436.34225591472,
      "stddev": null,
      "median": 436.34225591472,
      "user": 653.0821183200001,
      "system": 129.72515894,
      "min": 436.34225591472,
      "max": 436.34225591472,
      "times": [
        436.34225591472
      ],
      "exit_codes": [
        0
      ],
      "parameters": {
        "commit": "54c4ad9c38183470e4d41438bab2ee8e623022c4"
      },
      "network": "mainnet"
    },
    {
      "command": "head (0c6a315ac027b4d3b2f61c02e14bec7c1b734ea4)",
      "mean": 367.75520421972,
      "stddev": null,
      "median": 367.75520421972,
      "user": 728.53490032,
      "system": 218.99371194,
      "min": 367.75520421972,
      "max": 367.75520421972,
      "times": [
        367.75520421972
      ],
      "exit_codes": [
        0
      ],
      "parameters": {
        "commit": "0c6a315ac027b4d3b2f61c02e14bec7c1b734ea4"
      },
      "network": "mainnet"
    }
  ]
}