{
  "results": [
    {
      "command": "build/src/bitcoind -datadir=$DATADIR -connect=148.251.128.115:55555 -daemon=0 -signet -stopatheight=170000",
      "mean": 17.215553953860002,
      "stddev": null,
      "median": 17.215553953860002,
      "user": 2.1747881399999995,
      "system": 0.5349014,
      "min": 17.215553953860002,
      "max": 17.215553953860002,
      "times": [
        17.215553953860002
      ],
      "exit_codes": [
        0
      ]
    }
  ]
}
