{
  "results": [
    {
      "command": "base (e9a3b76c4740fd26ae6805698844f9febaca6681)",
      "mean": 25.2009895822,
      "stddev": null,
      "median": 25.2009895822,
      "user": 2.6317096199999996,
      "system": 0.79058626,
      "min": 25.2009895822,
      "max": 25.2009895822,
      "times": [
        25.2009895822
      ],
      "exit_codes": [
        0
      ],
      "parameters": {
        "commit": "e9a3b76c4740fd26ae6805698844f9febaca6681"
      },
      "network": "signet"
    },
    {
      "command": "head (653748e2697c695da677eb7537f994e6d8970c9b)",
      "mean": 25.1814409652,
      "stddev": null,
      "median": 25.1814409652,
      "user": 2.9428726199999997,
      "system": 0.86079426,
      "min": 25.1814409652,
      "max": 25.1814409652,
      "times": [
        25.1814409652
      ],
      "exit_codes": [
        0
      ],
      "parameters": {
        "commit": "653748e2697c695da677eb7537f994e6d8970c9b"
      },
      "network": "signet"
    },
    {
      "command": "base (e9a3b76c4740fd26ae6805698844f9febaca6681)",
      "mean": 846.63653032938,
      "stddev": null,
      "median": 846.63653032938,
      "user": 930.37527696,
      "system": 461.63482211999997,
      "min": 846.63653032938,
      "max": 846.63653032938,
      "times": [
        846.63653032938
      ],
      "exit_codes": [
        0
      ],
      "parameters": {
        "commit": "e9a3b76c4740fd26ae6805698844f9febaca6681"
      },
      "network": "mainnet"
    },
    {
      "command": "head (653748e2697c695da677eb7537f994e6d8970c9b)",
      "mean": 462.36069988137996,
      "stddev": null,
      "median": 462.36069988137996,
      "user": 920.60338196,
      "system": 230.53549712,
      "min": 462.36069988137996,
      "max": 462.36069988137996,
      "times": [
        462.36069988137996
      ],
      "exit_codes": [
        0
      ],
      "parameters": {
        "commit": "653748e2697c695da677eb7537f994e6d8970c9b"
      },
      "network": "mainnet"
    }
  ]
}