{
  "results": [
    {
      "command": "base (0dca1417990f9ab7e6b3197cd144dcea51886c77)",
      "mean": 410.60851509774,
      "stddev": null,
      "median": 410.60851509774,
      "user": 666.1308099,
      "system": 138.93112278,
      "min": 410.60851509774,
      "max": 410.60851509774,
      "times": [
        410.60851509774
      ],
      "exit_codes": [
        0
      ],
      "parameters": {
        "commit": "0dca1417990f9ab7e6b3197cd144dcea51886c77"
      },
      "network": "mainnet"
    },
    {
      "command": "head (cedc3ec29f2fb28a548ce271f21e049889f2a3b5)",
      "mean": 385.68569698474,
      "stddev": null,
      "median": 385.68569698474,
      "user": 637.5833819000001,
      "system": 119.60790377999999,
      "min": 385.68569698474,
      "max": 385.68569698474,
      "times": [
        385.68569698474
      ],
      "exit_codes": [
        0
      ],
      "parameters": {
        "commit": "cedc3ec29f2fb28a548ce271f21e049889f2a3b5"
      },
      "network": "mainnet"
    }
  ]
}