{
  "results": [
    {
      "command": "base (0ceefb0062d5829efc19b0c8caa8f08d52e24aa1)",
      "mean": 450.42216468531996,
      "stddev": null,
      "median": 450.42216468531996,
      "user": 637.8907942399999,
      "system": 126.28216237999999,
      "min": 450.42216468531996,
      "max": 450.42216468531996,
      "times": [
        450.42216468531996
      ],
      "exit_codes": [
        0
      ],
      "parameters": {
        "commit": "0ceefb0062d5829efc19b0c8caa8f08d52e24aa1"
      },
      "network": "mainnet"
    },
    {
      "command": "head (e131323972e61b82193fd4f908b709167affcb41)",
      "mean": 444.97640833331997,
      "stddev": null,
      "median": 444.97640833331997,
      "user": 627.0796762399999,
      "system": 121.98345938,
      "min": 444.97640833331997,
      "max": 444.97640833331997,
      "times": [
        444.97640833331997
      ],
      "exit_codes": [
        0
      ],
      "parameters": {
        "commit": "e131323972e61b82193fd4f908b709167affcb41"
      },
      "network": "mainnet"
    },
    {
      "command": "base (0ceefb0062d5829efc19b0c8caa8f08d52e24aa1)",
      "mean": 17.40760260108,
      "stddev": null,
      "median": 17.40760260108,
      "user": 2.64410766,
      "system": 0.8413042399999999,
      "min": 17.40760260108,
      "max": 17.40760260108,
      "times": [
        17.40760260108
      ],
      "exit_codes": [
        0
      ],
      "parameters": {
        "commit": "0ceefb0062d5829efc19b0c8caa8f08d52e24aa1"
      },
      "network": "signet"
    },
    {
      "command": "head (e131323972e61b82193fd4f908b709167affcb41)",
      "mean": 17.45660749908,
      "stddev": null,
      "median": 17.45660749908,
      "user": 2.68449666,
      "system": 0.7967262399999999,
      "min": 17.45660749908,
      "max": 17.45660749908,
      "times": [
        17.45660749908
      ],
      "exit_codes": [
        0
      ],
      "parameters": {
        "commit": "e131323972e61b82193fd4f908b709167affcb41"
      },
      "network": "signet"
    }
  ]
}