{
  "results": [
    {
      "command": "base (54c4ad9c38183470e4d41438bab2ee8e623022c4)",
      "mean": 429.94588426782,
      "stddev": null,
      "median": 429.94588426782,
      "user": 643.28113718,
      "system": 123.31632438,
      "min": 429.94588426782,
      "max": 429.94588426782,
      "times": [
        429.94588426782
      ],
      "exit_codes": [
        0
      ],
      "parameters": {
        "commit": "54c4ad9c38183470e4d41438bab2ee8e623022c4"
      },
      "network": "mainnet"
    },
    {
      "command": "head (24dd381198ccd907e73d7df58e0c68cfff558625)",
      "mean": 361.61876503781997,
      "stddev": null,
      "median": 361.61876503781997,
      "user": 704.9680711799999,
      "system": 158.42620938000002,
      "min": 361.61876503781997,
      "max": 361.61876503781997,
      "times": [
        361.61876503781997
      ],
      "exit_codes": [
        0
      ],
      "parameters": {
        "commit": "24dd381198ccd907e73d7df58e0c68cfff558625"
      },
      "network": "mainnet"
    }
  ]
}