{
  "results": [
    {
      "command": "base (0ceefb0062d5829efc19b0c8caa8f08d52e24aa1)",
      "mean": 2731.15640293582,
      "stddev": null,
      "median": 2731.15640293582,
      "user": 3098.49325456,
      "system": 166.84785824,
      "min": 2731.15640293582,
      "max": 2731.15640293582,
      "times": [
        2731.15640293582
      ],
      "exit_codes": [
        0
      ],
      "parameters": {
        "commit": "0ceefb0062d5829efc19b0c8caa8f08d52e24aa1"
      },
      "network": "mainnet"
    },
    {
      "command": "head (addc25977f32d52aa6cde5e713d5e1033f672541)",
      "mean": 2610.99917426082,
      "stddev": null,
      "median": 2610.99917426082,
      "user": 2974.4171195599997,
      "system": 171.39448924,
      "min": 2610.99917426082,
      "max": 2610.99917426082,
      "times": [
        2610.99917426082
      ],
      "exit_codes": [
        0
      ],
      "parameters": {
        "commit": "addc25977f32d52aa6cde5e713d5e1033f672541"
      },
      "network": "mainnet"
    },
    {
      "command": "base (0ceefb0062d5829efc19b0c8caa8f08d52e24aa1)",
      "mean": 17.776073244819997,
      "stddev": null,
      "median": 17.776073244819997,
      "user": 4.219173479999999,
      "system": 0.8044309000000001,
      "min": 17.776073244819997,
      "max": 17.776073244819997,
      "times": [
        17.776073244819997
      ],
      "exit_codes": [
        0
      ],
      "parameters": {
        "commit": "0ceefb0062d5829efc19b0c8caa8f08d52e24aa1"
      },
      "network": "signet"
    },
    {
      "command": "head (addc25977f32d52aa6cde5e713d5e1033f672541)",
      "mean": 17.75682994782,
      "stddev": null,
      "median": 17.75682994782,
      "user": 4.19018148,
      "system": 0.7962629,
      "min": 17.75682994782,
      "max": 17.75682994782,
      "times": [
        17.75682994782
      ],
      "exit_codes": [
        0
      ],
      "parameters": {
        "commit": "addc25977f32d52aa6cde5e713d5e1033f672541"
      },
      "network": "signet"
    }
  ]
}