{
  "results": [
    {
      "command": "perf script flamegraph build/src/bitcoind -datadir=$TMP_DATADIR -connect=148.251.128.115:55555 -daemon=0 -signet -stopatheight=170000",
      "mean": 17.38411501876,
      "stddev": null,
      "median": 17.38411501876,
      "user": 2.52694252,
      "system": 0.64597186,
      "min": 17.38411501876,
      "max": 17.38411501876,
      "times": [
        17.38411501876
      ],
      "exit_codes": [
        0
      ],
      "parameters": {
        "commit": "419f321c0d961bcb08c973e04ef739aed258782e"
      }
    },
    {
      "command": "perf script flamegraph build/src/bitcoind -datadir=$TMP_DATADIR -connect=148.251.128.115:55555 -daemon=0 -signet -stopatheight=170000",
      "mean": 17.32467814776,
      "stddev": null,
      "median": 17.32467814776,
      "user": 2.2968705199999997,
      "system": 0.6474958599999999,
      "min": 17.32467814776,
      "max": 17.32467814776,
      "times": [
        17.32467814776
      ],
      "exit_codes": [
        0
      ],
      "parameters": {
        "commit": "1f5dfd0e5b8a21bc1ecfbbb8b90e59556c04dd08"
      }
    }
  ]
}
